	source zawgyi	converted unicode	converted zawgyi from converted unicode
	ေတာင္းဆိုမႈကို လုပ္ေဆာင္ေနသည္… 	တောင်းဆိုမှုကို လုပ်ဆောင်နေသည်… 	ေတာင္းဆိုမွုကို လုပ္ေဆာင္ေနသည္…
	သင္၏ အေရာင္းအ၀ယ္လံုျခံဳေရးကို ကာကြယ္ေပးရန္အတြက္ ေငြေပးသြင္းျခင္းမျပဳလုပ္မီ HuaweiPay အား ထည့္သြင္းပါ။ 	သင်၏ အရောင်းအဝယ်လုံခြုံရေးကို ကာကွယ်ပေးရန်အတွက် ငွေပေးသွင်းခြင်းမပြုလုပ်မီ HuaweiPay အား ထည့်သွင်းပါ။ 	သင္၏ အေရာင္းအဝယ္လုံျခဳံေရးကို ကာကြယ္ေပးရန္အတြက္ ေငြေပးသြင္းျခင္းမျပဳလုပ္မီ HuaweiPay အား ထည့္သြင္းပါ။
	အသစ္မြမ္းမံမႈ အထုပ္တြဲမွာ %1$s ျဖစ္ျပီး ႐ုပ္ပုံ %2$d ပုံ ပါဝင္ သင္သိမ္းမထားခဲ့ေသာ ႐ုပ္ပုံမ်ားသည္ အသစ္မြမ္းမံမႈျပီးေနာက္ ဆက္လက္ျပသေတာ့မည္ မဟုတ္ 	အသစ်မွမ်းမံမှု အထုပ်တွဲမှာ %1$s ဖြစ်ပြီး ရုပ်ပုံ %2$d ပုံ ပါဝင် သင်သိမ်းမထားခဲ့သော ရုပ်ပုံများသည် အသစ်မွမ်းမံမှုပြီးနောက် ဆက်လက်ပြသတော့မည် မဟုတ် 	အသစ္မြမ္းမံမွု အထုပ္တြဲမွာ %1$s ျဖစ္ၿပီး ႐ုပ္ပုံ %2$d ပုံ ပါဝင္ သင္သိမ္းမထားခဲ့ေသာ ႐ုပ္ပုံမ်ားသည္ အသစ္မြမ္းမံမွုၿပီးေနာက္ ဆက္လက္ျပသေတာ့မည္ မဟုတ္
	ကြ်ႏ္ုပ္၏ အေကာင့္ 	ကျွန်ုပ်၏ အကောင့် 	ကၽြန္ုပ္၏ အေကာင့္
	ႏႈိးစက္အသံ 	နှိုးစက်အသံ 	ႏွိုးစက္အသံ
	စာလံုးပံုစံ တပ္ဆင္မည္ 	စာလုံးပုံစံ တပ်ဆင်မည် 	စာလုံးပုံစံ တပ္ဆင္မည္
	သင္းမ္မ်ားသည္ သင္ယခုေရာက္ရိွေနေသာ တည္ေနရာ သတင္းခ်က္အလက္မ်ားကို စုေဆာင္းျခင္းျဖင့္ ေနာက္ထပ္အပို ဝန္ေဆာင္မႈမ်ားကို ေထာက္ပံေပးႏိုင္သည္။ သင့္တည္ေနရာကို ၀င္ေရာက္ခြင့္ျပဳမလား။ 	သင်းမ်များသည် သင်ယခုရောက်ရှိနေသော တည်နေရာ သတင်းချက်အလက်များကို စုဆောင်းခြင်းဖြင့် နောက်ထပ်အပို ဝန်ဆောင်မှုများကို ထောက်ပံပေးနိုင်သည်။ သင့်တည်နေရာကို ၀င်ရောက်ခွင့်ပြုမလား။ 	သင္းမ္မ်ားသည္ သင္ယခုေရာက္ရွိေနေသာ တည္ေနရာ သတင္းခ်က္အလက္မ်ားကို စုေဆာင္းျခင္းျဖင့္ ေနာက္ထပ္အပို ဝန္ေဆာင္မွုမ်ားကို ေထာက္ပံေပးနိုင္သည္။ သင့္တည္ေနရာကို ၀င္ေရာက္ခြင့္ျပဳမလား။
	မွတ္ဥာဏ္ကတ္ ဖယ္ရွားလိုက္ပါၿပီ 	မှတ်ဉာဏ်ကတ် ဖယ်ရှားလိုက်ပါပြီ 	မွတ္ဉာဏ္ကတ္ ဖယ္ရွားလိုက္ပါၿပီ
	သင္တစ္ေန႕လွ်င္ ပံုစံစတုိင္ တစ္ခုကိုသာ ေ၀ဖန္ႏုိင္သည္။ 	သင်တစ်နေ့လျှင် ပုံစံစတိုင် တစ်ခုကိုသာ ဝေဖန်နိုင်သည်။ 	သင္တစ္ေန႔လၽွင္ ပုံစံစတိုင္ တစ္ခုကိုသာ ေဝဖန္နိုင္သည္။
	စာတိုပံံုစံ 	စာတိုပုံံစံ 	စာတိုပုံံစံ
	အၾကံျပဳခ်က္မေပးခင္ သင္သည္ သင္းမ္ကို အသံုးျပဳရန္လိုအပ္သည္။ 	အကြံပြုချက်မပေးခင် သင်သည် သင်းမ်ကို အသုံးပြုရန်လိုအပ်သည်။ 	အႀကံျပဳခ်က္မေပးခင္ သင္သည္ သင္းမ္ကို အသုံးျပဳရန္လိုအပ္သည္။
	ဤအက္ပလီေကး႐ွင္းက သင့္စက္ပစၥည္းကို သတ္မွတ္ေပးရန္ႏွင့္ သင့္ကို အြန္လုိင္းပံုစံစတုိင္ ၀န္ေဆာင္မႈမ်ားျဖင့္ ပံ့ပိုးေပးရန္ သင့္ IMEI သို႕၀င္ေရာက္အသံုးျပဳရန္ လိုအပ္သည္။ ကြ်ႏ္ုပ္တုိ႕ ထုတ္ကုန္မ်ားႏွင့္ ၀န္ေဆာင္မႈမ်ားကို ပိုမုိေကာင္းမြန္ေစရန္ သင့္သံုးစြဲမႈပံုစံအေၾကာင္း အခ်က္အလက္ကို ကြ်ႏ္ုပ္တုိ႕ စုေဆာင္းမည္။ စနစ္ဆက္တင္မ်ားမွ သံုးစြဲသူအေတြ႕အႀကံဳတိုးတက္ေစမႈ ပေရာဂ်က္မ်ားမွ ထြက္ခြာျခင္းျဖင့္ ေဒတာစုေဆာင္းမႈမ်ားကို သင္ပိတ္ႏုိင္သည္။ 	ဤအက်ပလီကေးရှင်းက သင့်စက်ပစ္စည်းကို သတ်မှတ်ပေးရန်နှင့် သင့်ကို အွန်လိုင်းပုံစံစတိုင် ၀န်ဆောင်မှုများဖြင့် ပံ့ပိုးပေးရန် သင့် IMEI သို့ဝင်ရောက်အသုံးပြုရန် လိုအပ်သည်။ ကျွန်ုပ်တို့ ထုတ်ကုန်များနှင့် ၀န်ဆောင်မှုများကို ပိုမိုကောင်းမွန်စေရန် သင့်သုံးစွဲမှုပုံစံအကြောင်း အချက်အလက်ကို ကျွန်ုပ်တို့ စုဆောင်းမည်။ စနစ်ဆက်တင်များမှ သုံးစွဲသူအတွေ့အကြုံတိုးတက်စေမှု ပရောဂျက်များမှ ထွက်ခွာခြင်းဖြင့် ဒေတာစုဆောင်းမှုများကို သင်ပိတ်နိုင်သည်။ 	ဤအက္ပလီေကးရွင္းက သင့္စက္ပစၥည္းကို သတ္မွတ္ေပးရန္ႏွင့္ သင့္ကို အြန္လိုင္းပုံစံစတိုင္ ၀န္ေဆာင္မွုမ်ားျဖင့္ ပံ့ပိုးေပးရန္ သင့္ IMEI သို႔ဝင္ေရာက္အသုံးျပဳရန္ လိုအပ္သည္။ ကၽြန္ုပ္တို႔ ထုတ္ကုန္မ်ားႏွင့္ ၀န္ေဆာင္မွုမ်ားကို ပိုမိုေကာင္းမြန္ေစရန္ သင့္သုံးစြဲမွုပုံစံအေၾကာင္း အခ်က္အလက္ကို ကၽြန္ုပ္တို႔ စုေဆာင္းမည္။ စနစ္ဆက္တင္မ်ားမွ သုံးစြဲသူအေတြ႕အၾကဳံတိုးတက္ေစမွု ပေရာဂ်က္မ်ားမွ ထြက္ခြာျခင္းျဖင့္ ေဒတာစုေဆာင္းမွုမ်ားကို သင္ပိတ္နိုင္သည္။
	ဤအက္ပလီေကး႐ွင္းက သင့္စက္ပစၥည္းကို သတ္မွတ္ေပးရန္ႏွင့္ သင့္ကို အြန္လုိင္းပံုစံစတုိင္ ၀န္ေဆာင္မႈမ်ားျဖင့္ ပံ့ပိုးေပးရန္ သင့္ IMEI သို႕၀င္ေရာက္အသံုးျပဳရန္ လိုအပ္သည္။ ကြ်ႏ္ုပ္တုိ႕ ထုတ္ကုန္မ်ားႏွင့္ ၀န္ေဆာင္မႈမ်ားကို ပိုမုိေကာင္းမြန္ေစရန္ သင့္သံုးစြဲမႈပံုစံအေၾကာင္း အခ်က္အလက္ကို ကြ်ႏ္ုပ္တုိ႕ စုေဆာင္းမည္။ သင့္ေဒတာကို သင့္ႏုိင္ငံ သို႕မဟုတ္ ေဒသျပင္ပေနရာမ်ားသို႕ လႊဲေျပာင္းႏုိင္သည္။ ဥေရာပသံုးစြဲသူမ်ား၏ ေဒတာမ်ားကို ဥေရာပသမဂၢအဖြဲ႕၀င္ႏုိင္ငံမ်ားအတြင္း႐ွိ ဆာဗာမ်ားတြင္ သိမ္းဆည္းထားမည္။ ဟြာေ၀းက သင့္ပုဂၢိဳလ္ေရး ေဒတာမ်ားအေပၚ အေျချပဳထားသည့္ ဥပေဒမ်ားကို ကာကြယ္မႈျပဳရန္ အၿမဲတာ၀န္ယူၿပီး ကြ်ႏ္ုပ္တုိ႕ ေဒတာလႊဲေျပာင္းမႈမ်ားတြင္ ဥပေဒႏွင့္ညီေၾကာင္း ေသခ်ာေဆာင္႐ြက္ထားပါသည္။ စနစ္ဆက္တင္မ်ားမွ သံုးစြဲသူအေတြ႕အႀကံဳတိုးတက္ေစမႈ ပေရာဂ်က္မ်ားမ်ားမွ ထြက္ခြင့္ျခင္းျဖင့္ ေဖာျပထားေသာ ေဒတာစုေဆာင္းမႈမ်ားကို သင္ပိတ္ႏုိင္သည္။ 	ဤအက်ပလီကေးရှင်းက သင့်စက်ပစ္စည်းကို သတ်မှတ်ပေးရန်နှင့် သင့်ကို အွန်လိုင်းပုံစံစတိုင် ၀န်ဆောင်မှုများဖြင့် ပံ့ပိုးပေးရန် သင့် IMEI သို့ဝင်ရောက်အသုံးပြုရန် လိုအပ်သည်။ ကျွန်ုပ်တို့ ထုတ်ကုန်များနှင့် ၀န်ဆောင်မှုများကို ပိုမိုကောင်းမွန်စေရန် သင့်သုံးစွဲမှုပုံစံအကြောင်း အချက်အလက်ကို ကျွန်ုပ်တို့ စုဆောင်းမည်။ သင့်ဒေတာကို သင့်နိုင်ငံ သို့မဟုတ် ဒေသပြင်ပနေရာများသို့ လွှဲပြောင်းနိုင်သည်။ ဥရောပသုံးစွဲသူများ၏ ဒေတာများကို ဥရောပသမဂ္ဂအဖွဲ့ဝင်နိုင်ငံများအတွင်းရှိ ဆာဗာများတွင် သိမ်းဆည်းထားမည်။ ဟွာဝေးက သင့်ပုဂ္ဂိုလ်ရေး ဒေတာများအပေါ် အခြေပြုထားသည့် ဥပဒေများကို ကာကွယ်မှုပြုရန် အမြဲတာဝန်ယူပြီး ကျွန်ုပ်တို့ ဒေတာလွှဲပြောင်းမှုများတွင် ဥပဒေနှင့်ညီကြောင်း သေချာဆောင်ရွက်ထားပါသည်။ စနစ်ဆက်တင်များမှ သုံးစွဲသူအတွေ့အကြုံတိုးတက်စေမှု ပရောဂျက်များများမှ ထွက်ခွင့်ခြင်းဖြင့် ဖောပြထားသော ဒေတာစုဆောင်းမှုများကို သင်ပိတ်နိုင်သည်။ 	ဤအက္ပလီေကးရွင္းက သင့္စက္ပစၥည္းကို သတ္မွတ္ေပးရန္ႏွင့္ သင့္ကို အြန္လိုင္းပုံစံစတိုင္ ၀န္ေဆာင္မွုမ်ားျဖင့္ ပံ့ပိုးေပးရန္ သင့္ IMEI သို႔ဝင္ေရာက္အသုံးျပဳရန္ လိုအပ္သည္။ ကၽြန္ုပ္တို႔ ထုတ္ကုန္မ်ားႏွင့္ ၀န္ေဆာင္မွုမ်ားကို ပိုမိုေကာင္းမြန္ေစရန္ သင့္သုံးစြဲမွုပုံစံအေၾကာင္း အခ်က္အလက္ကို ကၽြန္ုပ္တို႔ စုေဆာင္းမည္။ သင့္ေဒတာကို သင့္နိုင္ငံ သို႔မဟုတ္ ေဒသျပင္ပေနရာမ်ားသို႔ လႊဲေျပာင္းနိုင္သည္။ ဥေရာပသုံးစြဲသူမ်ား၏ ေဒတာမ်ားကို ဥေရာပသမဂၢအဖြဲ႕ဝင္နိုင္ငံမ်ားအတြင္းရွိ ဆာဗာမ်ားတြင္ သိမ္းဆည္းထားမည္။ ဟြာေဝးက သင့္ပုဂၢိဳလ္ေရး ေဒတာမ်ားအေပၚ အေျချပဳထားသည့္ ဥပေဒမ်ားကို ကာကြယ္မွုျပဳရန္ အျမဲတာဝန္ယူၿပီး ကၽြန္ုပ္တို႔ ေဒတာလႊဲေျပာင္းမွုမ်ားတြင္ ဥပေဒႏွင့္ညီေၾကာင္း ေသခ်ာေဆာင္ရြက္ထားပါသည္။ စနစ္ဆက္တင္မ်ားမွ သုံးစြဲသူအေတြ႕အၾကဳံတိုးတက္ေစမွု ပေရာဂ်က္မ်ားမ်ားမွ ထြက္ခြင့္ျခင္းျဖင့္ ေဖာျပထားေသာ ေဒတာစုေဆာင္းမွုမ်ားကို သင္ပိတ္နိုင္သည္။
	ဖုန္းတြင္းသိုေလွာင္မႈ ျပည့္ေနသည္ တခ်ဳိ႕သင္းမ္မ်ားသာ လုပ္ေဆာင္၍ရသည္ 	ဖုန်းတွင်းသိုလှောင်မှု ပြည့်နေသည် တချို့သင်းမ်များသာ လုပ်ဆောင်၍ရသည် 	ဖုန္းတြင္းသိုေလွာင္မွု ျပည့္ေနသည္ တခ်ိဳ႕သင္းမ္မ်ားသာ လုပ္ေဆာင္၍ရသည္
	တစ္ခုထက္ပိုေသာ ယံုၾကည္ရသည့္ စက္ပစၥည္းမ်ားေပါင္းထည့္ျခင္းသည္ သင့္ဖုန္း၏ လံုၿခံဳေရးအႏၱရာယ္႐ွိမႈကို ျမင့္တက္လာေစသည့္အတြက္ မေထာက္ခံပါ 	တစ်ခုထက်ပိုသော ယုံကြည်ရသည့် စက်ပစ္စည်းများပေါင်းထည့်ခြင်းသည် သင့်ဖုန်း၏ လုံခြုံရေးအန္တရာယ်ရှိမှုကို မြင့်တက်လာစေသည့်အတွက် မထောက်ခံပါ 	တစ္ခုထက္ပိုေသာ ယုံၾကည္ရသည့္ စက္ပစၥည္းမ်ားေပါင္းထည့္ျခင္းသည္ သင့္ဖုန္း၏ လုံျခဳံေရးအႏၲရာယ္ရွိမွုကို ျမင့္တက္လာေစသည့္အတြက္ မေထာက္ခံပါ
	ႏိႈးစက္မ်ားကို စီမံပါ 	နှိုးစက်များကို စီမံပါ 	ႏွိုးစက္မ်ားကို စီမံပါ
	1. သင့္ႏိုးထေစေသာ စကားစုကို အသံသြင္းေနစဥ္ သင္သည္တိတ္ဆိတ္ေသာ ပတ္၀န္းက်င္တြင္ ႐ွိေနေၾကာင္း ေသခ်ာေအာင္ျပဳလုပ္ၿပီး ႐ွင္းလင္းစြာႏွင့္ ေသေသခ်ာခ်ာ စကားေျပာပါ။ သင့္စကားေျပာဆုိမႈျမန္ႏႈန္းႏွင့္ အသံထြက္သည္ သင္ပံုမွန္စကားေျပာေနမႈႏွင့္ ကြဲျပားမႈ႐ွိမေနသင့္ပါ။\n\n2. သင့္ႏိုးထေစေသာ စကားစုေ႐ြးခ်ယ္ျခင္းက သင့္စက္ပစၥည္း၏ စြမ္းေဆာင္ရည္ကို တုန္႕ျပန္ေပးျခင္းႏွင့္ နီးကပ္စြာ႐ွိေနသင့္သည္၊ အကယ္၍ သင့္စကားစုက နားလည္ရန္ ခက္ခဲပါက စကားစုအႀကံျပဳခ်က္ကို လုိက္နာရန္ႏွင့္ စကားစုအသစ္ကို အသံသြင္းရန္ ႀကိဳးစားပါ။\n\n3. ႏုိးထျခင္း ေအာင္ျမင္မႈႏႈန္းက စကားစုမ်ားကို မွတ္တမ္းသြင္းၿပီး ေလ့က်င့္ေပးေသာ သံုးစြဲသူမ်ားအတြက္ ပိုျမင့္သည္။\n\n4. အကယ္၍ သင္က မွတ္တမ္းသြင္းေနစဥ္၊ သီခ်င္း/ဗြီဒီယို ဖြင့္ေနစဥ္၊ သို႕မဟုတ္ အနီးကပ္ပတ္၀န္းက်င္က ဆူညံေနပါက ဤအဂၤါရပ္သည္ ပံုမွန္အတုိင္းအလုပ္မလုပ္ပါ။ 	1. သင့်နိုးထစေသော စကားစုကို အသံသွင်းနေစဉ် သင်သည်တိတ်ဆိတ်သော ပတ်ဝန်းကျင်တွင် ရှိနေကြောင်း သေချာအောင်ပြုလုပ်ပြီး ရှင်းလင်းစွာနှင့် သေသေချာချာ စကားပြောပါ။ သင့်စကားပြောဆိုမှုမြန်နှုန်းနှင့် အသံထွက်သည် သင်ပုံမှန်စကားပြောနေမှုနှင့် ကွဲပြားမှုရှိမနေသင့်ပါ။\n\n2. သင့်နိုးထစေသော စကားစုရွေးချယ်ခြင်းက သင့်စက်ပစ္စည်း၏ စွမ်းဆောင်ရည်ကို တုန့်ပြန်ပေးခြင်းနှင့် နီးကပ်စွာရှိနေသင့်သည်၊ အကယ်၍ သင့်စကားစုက နားလည်ရန် ခက်ခဲပါက စကားစုအကြံပြုချက်ကို လိုက်နာရန်နှင့် စကားစုအသစ်ကို အသံသွင်းရန် ကြိုးစားပါ။\n\n3. နိုးထခြင်း အောင်မြင်မှုနှုန်းက စကားစုများကို မှတ်တမ်းသွင်းပြီး လေ့ကျင့်ပေးသော သုံးစွဲသူများအတွက် ပိုမြင့်သည်။\n\n4. အကယ်၍ သင်က မှတ်တမ်းသွင်းနေစဉ်၊ သီချင်း/ဗွီဒီယို ဖွင့်နေစဉ်၊ သို့မဟုတ် အနီးကပ်ပတ်ဝန်းကျင်က ဆူညံနေပါက ဤအင်္ဂါရပ်သည် ပုံမှန်အတိုင်းအလုပ်မလုပ်ပါ။ 	1. သင့္နိုးထေစေသာ စကားစုကို အသံသြင္းေနစဥ္ သင္သည္တိတ္ဆိတ္ေသာ ပတ္ဝန္းက်င္တြင္ ရွိေနေၾကာင္း ေသခ်ာေအာင္ျပဳလုပ္ၿပီး ရွင္းလင္းစြာႏွင့္ ေသေသခ်ာခ်ာ စကားေျပာပါ။ သင့္စကားေျပာဆိုမွုျမန္ႏွုန္းႏွင့္ အသံထြက္သည္ သင္ပုံမွန္စကားေျပာေနမွုႏွင့္ ကြဲျပားမွုရွိမေနသင့္ပါ။\n\n2. သင့္နိုးထေစေသာ စကားစုေရြးခ်ယ္ျခင္းက သင့္စက္ပစၥည္း၏ စြမ္းေဆာင္ရည္ကို တုန႔္ျပန္ေပးျခင္းႏွင့္ နီးကပ္စြာရွိေနသင့္သည္၊ အကယ္၍ သင့္စကားစုက နားလည္ရန္ ခက္ခဲပါက စကားစုအႀကံျပဳခ်က္ကို လိုက္နာရန္ႏွင့္ စကားစုအသစ္ကို အသံသြင္းရန္ ႀကိဳးစားပါ။\n\n3. နိုးထျခင္း ေအာင္ျမင္မွုႏွုန္းက စကားစုမ်ားကို မွတ္တမ္းသြင္းၿပီး ေလ့က်င့္ေပးေသာ သုံးစြဲသူမ်ားအတြက္ ပိုျမင့္သည္။\n\n4. အကယ္၍ သင္က မွတ္တမ္းသြင္းေနစဥ္၊ သီခ်င္း/ဗြီဒီယို ဖြင့္ေနစဥ္၊ သို႔မဟုတ္ အနီးကပ္ပတ္ဝန္းက်င္က ဆူညံေနပါက ဤအဂၤါရပ္သည္ ပုံမွန္အတိုင္းအလုပ္မလုပ္ပါ။
	သင့္ဖုန္းက သင္၏ အသံကို မွတ္မိႏုိင္စြမ္းရည္ကို တိုးႁမွင့္ပါ 	သင့်ဖုန်းက သင်၏ အသံကို မှတ်မိနိုင်စွမ်းရည်ကို တိုးမြှင့်ပါ 	သင့္ဖုန္းက သင္၏ အသံကို မွတ္မိနိုင္စြမ္းရည္ကို တိုးျမႇင့္ပါ
	အသံျဖင့္ႏိုးထျခင္းအတြက္ ဗြီဒီယို ၫႊန္ၾကားခ်က္မ်ား 	အသံဖြင့်နိုးထခြင်းအတွက် ဗွီဒီယို ညွှန်ကြားချက်များ 	အသံျဖင့္နိုးထျခင္းအတြက္ ဗြီဒီယို ညႊန္ၾကားခ်က္မ်ား
	စကားေျပာ အမိန္႔ေပး ဘာသာစကားေျပာင္းလဲမည္လား? 	စကားပြော အမိန့်ပေး ဘာသာစကားပြောင်းလဲမည်လား? 	စကားေျပာ အမိန႔္ေပး ဘာသာစကားေျပာင္းလဲမည္လား?
	မွတ္တမ္းတင္သည့္ အပလီေကးရွင္းသည္ ေနာက္ခံတြင္ ဖြင့္ၿပီးသားျဖစ္သည္။ ေက်းဇူးျပဳ၍ ၎ကို ဦးစြာပိတ္ပါ။ 	မှတ်တမ်းတင်သည့် အပလီကေးရှင်းသည် နောက်ခံတွင် ဖွင့်ပြီးသားဖြစ်သည်။ ကျေးဇူးပြု၍ ၎င်းကို ဦးစွာပိတ်ပါ။ 	မွတ္တမ္းတင္သည့္ အပလီေကးရွင္းသည္ ေနာက္ခံတြင္ ဖြင့္ၿပီးသားျဖစ္သည္။ ေက်းဇူးျပဳ၍ ၎ကို ဦးစြာပိတ္ပါ။
	ဤအက္ပလီေကး႐ွင္းက ေဖာ္ျပပါကိုယ္ေရးေဒတာမ်ားကို စုေဆာင္းၿပီး တြက္ခ်က္လုပ္ေဆာင္ႏိုင္သည္-\n1. သင့္စက္ပစၥည္းေပၚတြင္ သိမ္းထားသည့္ အဆက္အသြယ္အမည္မ်ား (အဆက္အသြယ္ဖုန္းနံပါတ္မ်ားႏွင့္ လိပ္စာမ်ား မပါဝင္ပါ)။\n2. အသံျဖင့္ေခၚဆိုျခင္း၊ အသံေမးလ္ႏွႈ့္ အျခားဆက္စပ္ေနသည့္ ဝန္ေဆာင္မႈမ်ားျဖင့္ ပံ့ပိုးေပးရန္ သင့္စက္ပစၥည္းအေပၚမွ တိက်သည့္ ၫႊန္ကိန္းမ်ား (IMEI၊ IMSI ႏွင့္ MAC လိပ္စာမ်ားအထိပါဝင္သည္) ႏွင့္SMS အေၾကာင္းအရာ။\nဤအက္ပလီေကး႐ွင္းကို ဟြာေဝး၏ အေျခခံသံုးစြဲသူ စည္းကမ္းမ်ားႏွင့္ ပုဂၢိဳလ္ေရးရာထိန္းသိမ္းမႈ မူဝါဒတို႕ျဖင့္ ကာကြယ္ေပးထားသည္။ သေဘာတူသည္ကိုထိျခင္းျဖင့္ ဟြာေဝး၏ ပုဂၢိဳလ္ေရးရာထိန္းသိမ္းမႈ မူဝါဒကို သင္နားလည္ၿပီး သေဘာတူသည္ဟု အသိအမွတ္ျပဳမည္။ 	ဤအက်ပလီကေးရှင်းက ဖော်ပြပါကိုယ်ရေးဒေတာများကို စုဆောင်းပြီး တွက်ချက်လုပ်ဆောင်နိုင်သည်-\n1. သင့်စက်ပစ္စည်းပေါ်တွင် သိမ်းထားသည့် အဆက်အသွယ်အမည်များ (အဆက်အသွယ်ဖုန်းနံပါတ်များနှင့် လိပ်စာများ မပါဝင်ပါ)။\n2. အသံဖြင့်ခေါ်ဆိုခြင်း၊ အသံမေးလ်နှှု့် အခြားဆက်စပ်နေသည့် ဝန်ဆောင်မှုများဖြင့် ပံ့ပိုးပေးရန် သင့်စက်ပစ္စည်းအပေါ်မှ တိကျသည့် ညွှန်ကိန်းများ (IMEI၊ IMSI နှင့် MAC လိပ်စာများအထိပါဝင်သည်) နှင့်SMS အကြောင်းအရာ။\nဤအက်ပလီကေးရှင်းကို ဟွာဝေး၏ အခြေခံသုံးစွဲသူ စည်းကမ်းများနှင့် ပုဂ္ဂိုလ်ရေးရာထိန်းသိမ်းမှု မူဝါဒတို့ဖြင့် ကာကွယ်ပေးထားသည်။ သဘောတူသည်ကိုထိခြင်းဖြင့် ဟွာဝေး၏ ပုဂ္ဂိုလ်ရေးရာထိန်းသိမ်းမှု မူဝါဒကို သင်နားလည်ပြီး သဘောတူသည်ဟု အသိအမှတ်ပြုမည်။ 	ဤအက္ပလီေကးရွင္းက ေဖာ္ျပပါကိုယ္ေရးေဒတာမ်ားကို စုေဆာင္းၿပီး တြက္ခ်က္လုပ္ေဆာင္နိုင္သည္-\n1. သင့္စက္ပစၥည္းေပၚတြင္ သိမ္းထားသည့္ အဆက္အသြယ္အမည္မ်ား (အဆက္အသြယ္ဖုန္းနံပါတ္မ်ားႏွင့္ လိပ္စာမ်ား မပါဝင္ပါ)။\n2. အသံျဖင့္ေခၚဆိုျခင္း၊ အသံေမးလ္ႏွွု႔္ အျခားဆက္စပ္ေနသည့္ ဝန္ေဆာင္မွုမ်ားျဖင့္ ပံ့ပိုးေပးရန္ သင့္စက္ပစၥည္းအေပၚမွ တိက်သည့္ ညႊန္ကိန္းမ်ား (IMEI၊ IMSI ႏွင့္ MAC လိပ္စာမ်ားအထိပါဝင္သည္) ႏွင့္SMS အေၾကာင္းအရာ။\nဤအက္ပလီေကးရွင္းကို ဟြာေဝး၏ အေျခခံသုံးစြဲသူ စည္းကမ္းမ်ားႏွင့္ ပုဂၢိဳလ္ေရးရာထိန္းသိမ္းမွု မူဝါဒတို႔ျဖင့္ ကာကြယ္ေပးထားသည္။ သေဘာတူသည္ကိုထိျခင္းျဖင့္ ဟြာေဝး၏ ပုဂၢိဳလ္ေရးရာထိန္းသိမ္းမွု မူဝါဒကို သင္နားလည္ၿပီး သေဘာတူသည္ဟု အသိအမွတ္ျပဳမည္။
	1.ဤအက္ပလီေကး႐ွင္းသည္ ေဖာ္ျပပါ ပုဂိၢဳလ္ေရးေဒတာမ်ားအား စုေဆာင္းျခင္း၊ တြက္ခ်က္လုပ္ေဆာင္ျခင္းႏွင့္ လႊင့္တင္ပုိ႔ျခင္းမ်ားကို လုပ္ေဆာင္ႏုိင္သည္-\n1.1 တည္ေနရာ-အေျချပဳဝန္ေဆာင္မႈမ်ားျဖင့္ ပံ့ပိုးေပးရန္ (တိက်သည္ျဖစ္ေစ၊ မတိက်သည္ျဖစ္ေစ) တည္ေနရာေဒတာ။\n1.2 အသံျဖင့္ေခၚဆိုျခင္း၊ အသံေမးလ္ႏွင့္ အျခားဆက္စပ္ဝန္ေဆာင္မႈမာ်းျဖင့္ သင့္အားပံ့ပိုးေပးရန္ သင့္စက္ပစၥည္းအေပၚတြင္ သိမ္းဆည္းထားသည့္ အဆက္အသြယ္အမည္မ်ား (အဆက္အသြယ္နံပါတ္မ်ားႏွင့္ လိပ္စာမ်ားမပါဝင္ပါ)၊ သီးျခားၫႊန္းကိန္းမ်ား (IMEI၊ IMSI ႏွင့္ MAC လိပ္စာတို႔အပါအဝင္ အကန္႔အသတ္မ႐ွိပါဝင္သည္)၊ ေခၚဆိုမွတ္တမ္းမ်ားႏွင့္ SMS အေၾကာင္းအရာမ်ား\n2. ဤအက္ပလီေကး႐ွင္းက အသံုးျပဳေနစဥ္ အသံမွတ္မိျခင္းအတြက္ အသံဖမ္းထားရန္လိုအပ္သည္။\n3. ဤအက္ပလီေကး႐ွင္းက အင္တာနက္ခ်ိတ္ဆက္မႈ လုိအပ္ေသာေၾကာင့္ သင့္ကယ္ရီယာက ေကာက္ခံသည့္ အက္ပလီေကး႐ွင္း ေဒတာသံုးစြဲမႈအခေၾကးေငြမ်ား ကုန္က်ႏုိင္သည္။ ဟြာေဝးက အဆိုပါအခေၾကးေငြမ်ား ျပဳလုပ္ျခင္းတြင္ေသာ္လည္းေကာင္း၊ ေကာက္ခံျခင္းတြင္ေသာ္လည္းေကာင္း မပါဝင္ပါ။\n4. တတိယပါတီက ပံ့ပိုးထားသည့္ စကားေျပာဆိုမႈအေၾကာင္းအရာအတြက္သာ အသံေထာက္ပံ့မႈအျဖစ္ ေဆာင္႐ြက္ရန္ ဤအက္ပလီေကး႐ွင္းက ဒီဇိုင္းလုပ္ထားျခင္းျဖစ္သည္။ အကယ္၍ ေမးခြန္းမ်ားေမးလိုသည္ျဖစ္ေစ၊ အေၾကာင္းအရာႏွင့္ ပတ္သက္၍ျဖစ္ေစ၊ ေက်းဇူးျပဳ၍ သင့္ေမးျမန္းစံုစမ္းမႈမ်ားအား တတိယပါတီသို႔ တုိက္႐ိုက္ေပးပို႔ပါ။ ၄င္းတို႔သည္ ျဖစ္ေပၚလာသည့္ မည္သည့္အေၾကာင္းအရာအတြက္ကိုမဆို တာဝန္႐ွိသည္။ ဟြာေဝးသည္ မည္သည့္စကားေျပာဆိုမႈ အစိတ္အပိုင္းအတြက္ကိုမွ တာဝန္မ႐ွိပါ။\nဤအက္ပလီေကး႐ွင္းသည္ ဟြာေဝးေနာက္ဆံုးသံုးစြဲသူသေဘာတူညီခ်က္ (EULA) ႏွင့္ ဟြာေဝးပုဂၢိဳလ္ေရးရာထိန္းသိမ္းမႈ မူဝါဒတုိ႔ျဖင့္ ကာကြယ္ထားသည္။ သေဘာတူသည္ကိုထိျခင္းျဖင့္ %1$s ႏွင့္ %2$s ႏွစ္ခုစလံုးအပါအဝင္ အထက္ပါအေၾကာင္းအရာအား သင္နားလည္ၿပီး သေဘာတူသည္ဟု အသိအမွတ္ျပဳမည္။ 	1.ဤအက်ပလီကေးရှင်းသည် ဖော်ပြပါ ပုဂ္ဂိုလ်ရေးဒေတာများအား စုဆောင်းခြင်း၊ တွက်ချက်လုပ်ဆောင်ခြင်းနှင့် လွှင့်တင်ပို့ခြင်းများကို လုပ်ဆောင်နိုင်သည်-\n1.1 တည်နေရာ-အခြေပြုဝန်ဆောင်မှုများဖြင့် ပံ့ပိုးပေးရန် (တိကျသည်ဖြစ်စေ၊ မတိကျသည်ဖြစ်စေ) တည်နေရာဒေတာ။\n1.2 အသံဖြင့်ခေါ်ဆိုခြင်း၊ အသံမေးလ်နှင့် အခြားဆက်စပ်ဝန်ဆောင်မှုမာျးဖြင့် သင့်အားပံ့ပိုးပေးရန် သင့်စက်ပစ္စည်းအပေါ်တွင် သိမ်းဆည်းထားသည့် အဆက်အသွယ်အမည်များ (အဆက်အသွယ်နံပါတ်များနှင့် လိပ်စာများမပါဝင်ပါ)၊ သီးခြားညွှန်းကိန်းများ (IMEI၊ IMSI နှင့် MAC လိပ်စာတို့အပါအဝင် အကန့်အသတ်မရှိပါဝင်သည်)၊ ခေါ်ဆိုမှတ်တမ်းများနှင့် SMS အကြောင်းအရာများ\n2. ဤအက်ပလီကေးရှင်းက အသုံးပြုနေစဉ် အသံမှတ်မိခြင်းအတွက် အသံဖမ်းထားရန်လိုအပ်သည်။\n3. ဤအက်ပလီကေးရှင်းက အင်တာနက်ချိတ်ဆက်မှု လိုအပ်သောကြောင့် သင့်ကယ်ရီယာက ကောက်ခံသည့် အက်ပလီကေးရှင်း ဒေတာသုံးစွဲမှုအခကြေးငွေများ ကုန်ကျနိုင်သည်။ ဟွာဝေးက အဆိုပါအခကြေးငွေများ ပြုလုပ်ခြင်းတွင်သော်လည်းကောင်း၊ ကောက်ခံခြင်းတွင်သော်လည်းကောင်း မပါဝင်ပါ။\n4. တတိယပါတီက ပံ့ပိုးထားသည့် စကားပြောဆိုမှုအကြောင်းအရာအတွက်သာ အသံထောက်ပံ့မှုအဖြစ် ဆောင်ရွက်ရန် ဤအက်ပလီကေးရှင်းက ဒီဇိုင်းလုပ်ထားခြင်းဖြစ်သည်။ အကယ်၍ မေးခွန်းများမေးလိုသည်ဖြစ်စေ၊ အကြောင်းအရာနှင့် ပတ်သက်၍ဖြစ်စေ၊ ကျေးဇူးပြု၍ သင့်မေးမြန်းစုံစမ်းမှုများအား တတိယပါတီသို့ တိုက်ရိုက်ပေးပို့ပါ။ ၄င်းတို့သည် ဖြစ်ပေါ်လာသည့် မည်သည့်အကြောင်းအရာအတွက်ကိုမဆို တာဝန်ရှိသည်။ ဟွာဝေးသည် မည်သည့်စကားပြောဆိုမှု အစိတ်အပိုင်းအတွက်ကိုမှ တာဝန်မရှိပါ။\nဤအက်ပလီကေးရှင်းသည် ဟွာဝ���းနောက်ဆုံးသုံးစွဲသူသဘောတူညီချက် (EULA) နှင့် ဟွာဝေးပုဂ္ဂိုလ်ရေးရာထိန်းသိမ်းမှု မူဝါဒတို့ဖြင့် ကာကွယ်ထားသည်။ သဘောတူသည်ကိုထိခြင်းဖြင့် %1$s နှင့် %2$s နှစ်ခုစလုံးအပါအဝင် အထက်ပါအကြောင်းအရာအား သင်နားလည်ပြီး သဘောတူသည်ဟု အသိအမှတ်ပြုမည်။ 	1.ဤအက္ပလီေကးရွင္းသည္ ေဖာ္ျပပါ ပုဂၢိဳလ္ေရးေဒတာမ်ားအား စုေဆာင္းျခင္း၊ တြက္ခ်က္လုပ္ေဆာင္ျခင္းႏွင့္ လႊင့္တင္ပို႔ျခင္းမ်ားကို လုပ္ေဆာင္နိုင္သည္-\n1.1 တည္ေနရာ-အေျချပဳဝန္ေဆာင္မွုမ်ားျဖင့္ ပံ့ပိုးေပးရန္ (တိက်သည္ျဖစ္ေစ၊ မတိက်သည္ျဖစ္ေစ) တည္ေနရာေဒတာ။\n1.2 အသံျဖင့္ေခၚဆိုျခင္း၊ အသံေမးလ္ႏွင့္ အျခားဆက္စပ္ဝန္ေဆာင္မွုမာ်းျဖင့္ သင့္အားပံ့ပိုးေပးရန္ သင့္စက္ပစၥည္းအေပၚတြင္ သိမ္းဆည္းထားသည့္ အဆက္အသြယ္အမည္မ်ား (အဆက္အသြယ္နံပါတ္မ်ားႏွင့္ လိပ္စာမ်ားမပါဝင္ပါ)၊ သီးျခားညႊန္းကိန္းမ်ား (IMEI၊ IMSI ႏွင့္ MAC လိပ္စာတို႔အပါအဝင္ အကန႔္အသတ္မရွိပါဝင္သည္)၊ ေခၚဆိုမွတ္တမ္းမ်ားႏွင့္ SMS အေၾကာင္းအရာမ်ား\n2. ဤအက္ပလီေကးရွင္းက အသုံးျပဳေနစဥ္ အသံမွတ္မိျခင္းအတြက္ အသံဖမ္းထားရန္လိုအပ္သည္။\n3. ဤအက္ပလီေကးရွင္းက အင္တာနက္ခ်ိတ္ဆက္မွု လိုအပ္ေသာေၾကာင့္ သင့္ကယ္ရီယာက ေကာက္ခံသည့္ အက္ပလီေကးရွင္း ေဒတာသုံးစြဲမွုအခေၾကးေငြမ်ား ကုန္က်နိုင္သည္။ ဟြာေဝးက အဆိုပါအခေၾကးေငြမ်ား ျပဳလုပ္ျခင္းတြင္ေသာ္လည္းေကာင္း၊ ေကာက္ခံျခင္းတြင္ေသာ္လည္းေကာင္း မပါဝင္ပါ။\n4. တတိယပါတီက ပံ့ပိုးထားသည့္ စကားေျပာဆိုမွုအေၾကာင္းအရာအတြက္သာ အသံေထာက္ပံ့မွုအျဖစ္ ေဆာင္ရြက္ရန္ ဤအက္ပလီေကးရွင္းက ဒီဇိုင္းလုပ္ထားျခင္းျဖစ္သည္။ အကယ္၍ ေမးခြန္းမ်ားေမးလိုသည္ျဖစ္ေစ၊ အေၾကာင္းအရာႏွင့္ ပတ္သက္၍ျဖစ္ေစ၊ ေက်းဇူးျပဳ၍ သင့္ေမးျမန္းစုံစမ္းမွုမ်ားအား တတိယပါတီသို႔ တိုက္ရိုက္ေပးပို႔ပါ။ ၄င္းတို႔သည္ ျဖစ္ေပၚလာသည့္ မည္သည့္အေၾကာင္းအရာအတြက္ကိုမဆို တာဝန္ရွိသည္။ ဟြာေဝးသည္ မည္သည့္စကားေျပာဆိုမွု အစိတ္အပိုင္းအတြက္ကိုမွ တာဝန္မရွိပါ။\nဤအက္ပလီေကးရွင္းသည္ ဟြာေဝးေနာက္ဆုံးသုံးစြဲသူသေဘာတူညီခ်က္ (EULA) ႏွင့္ ဟြာေဝးပုဂၢိဳလ္ေရးရာထိန္းသိမ္းမွု မူဝါဒတို႔ျဖင့္ ကာကြယ္ထားသည္။ သေဘာတူသည္ကိုထိျခင္းျဖင့္ %1$s ႏွင့္ %2$s ႏွစ္ခုစလုံးအပါအဝင္ အထက္ပါအေၾကာင္းအရာအား သင္နားလည္ၿပီး သေဘာတူသည္ဟု အသိအမွတ္ျပဳမည္။
	ဟြာေ၀း ေမာင္းႏွင္မႈမုဒ္မွ ႀကိဳဆိုပါသည္ -\n\n1. ဤအက္ပလီေကး႐ွင္းက ေအာက္ေဖာ္ျပပါ ပုဂၢိဳလ္ေရးေဒတာမ်ားကို စုေဆာင္းၿပီး လုပ္ေဆာင္မႈမ်ားေဆာင္႐ြက္မည္ -\n1.1 သင့္စက္ပစၥည္းအေပၚတြင္ သိမ္းဆည္းထားေသာ ဆက္သြယ္မႈ အမည္မ်ား (ဖုန္းနံပါတ္မ်ားႏွင့္ လိပ္စာမ်ား မပါ၀င္ပါ)။\n1.2 သီးျခား ၫႊန္းကိန္းမ်ား (MAC လိပ္စာမ်ား အပါအ၀င္ IMEI, IMSI တို႕ကိုလည္း ကန္႕သတ္မထားပါ) ႏွင့္ အသံျဖင့္ ေခၚဆိုမႈမ်ားႏွင့္ အျခားေသာ ဆက္ႏြယ္ေနသည့္ ၀န္ေဆာင္မႈမ်ားအတြက္ သင့္စက္ပစၥည္းအေပၚမွ စာတိုပို႕ ၀န္ေဆာင္မႈ (SMS) ပါ၀င္မႈမ်ားျဖင့္ ပံ့ပိုးေပးရန္ျဖစ္သည္။\n\n2. ဤအက္ပလီေကး႐ွင္းသည္ သင့္တက္ဘလက္အေပၚမွ ေအာက္ပါမ်ားကို ၀င္ေရာက္အသံုးျပဳရန္လိုအပ္သငည္ -\n2.1 ဖုန္းနံပါတ္မ်ားကို တိုက္ရိုက္ေခၚဆိုျခင္း\n2.2 သင့္ေခၚဆိုမႈမွတ္တမ္းမ်ားကို ဖတ္ျခင္း/မြမ္းမံျပင္ဆင္ျခင္း \n2.3 သင့္မက္ေဆ့ခ်္မ်ား(SMS)ကို ဖတ္ျခင္း/မြမ္းမံျပင္ဆင္ျခင္း \n2.4 အသံသြင္းျခင္း\n\nဤအက္ပလီေကး႐ွင္းကို ဟြာေ၀း၏ အေျခခံသံုးစြဲသူ စည္းကမ္းမ်ားႏွင့္ ပုဂၢိဳလ္ေရး မူ၀ါဒျဖင့္ ကာကြယ္မႈေပးထားသည္။ အကယ္၍ သေဘာတူသည္ကို သင္ထိပါက ဟြာေ၀း၏ ပုဂၢိဳလ္ေရး မူ၀ါဒကို နားလည္ၿပီး သေဘာတူသည္ဟု အသိအမွတ္ျပဳျခင္းျဖစ္သည္။ 	ဟွာဝေး မောင်းနှင်မှုမုဒ်မှ ကြိုဆိုပါသည် -\n\n1. ဤအက်ပလီကေးရှင်းက အောက်ဖော်ပြပါ ပုဂ္ဂိုလ်ရေးဒေတာများကို စုဆောင်းပြီး လုပ်ဆောင်မှုများဆောင်ရွက်မည် -\n1.1 သင့်စက်ပစ္စည်းအပေါ်တွင် သိမ်းဆည်းထားသော ဆက်သွယ်မှု အမည်များ (ဖုန်းနံပါတ်များနှင့် လိပ်စာများ မပါ၀င်ပါ)။\n1.2 သီးခြား ညွှန်းကိန်းများ (MAC လိပ်စာများ အပါအဝင် IMEI, IMSI တို့ကိုလည်း ကန့်သတ်မထားပါ) နှင့် အသံဖြင့် ခေါ်ဆိုမှုများနှင့် အခြားသော ဆက်နွယ်နေသည့် ၀န်ဆောင်မှုများအတွက် သင့်စက်ပစ္စည်းအပေါ်မှ စာတိုပို့ ၀န်ဆောင်မှု (SMS) ပါ၀င်မှုများဖြင့် ပံ့ပိုးပေးရန်ဖြစ်သည်။\n\n2. ဤအက်ပလီကေးရှင်းသည် သင့်တက်ဘလက်အပေါ်မှ အောက်ပါများကို ၀င်ရောက်အသုံးပြုရန်လိုအပ်သငည် -\n2.1 ဖုန်းနံပါတ်များကို တိုက်ရိုက်ခေါ်ဆိုခြင်း\n2.2 သင့်ခေါ်ဆိုမှုမှတ်တမ်းများကို ဖတ်ခြင်း/မွမ်းမံပြင်ဆင်ခြင်း \n2.3 သင့်မက်ဆေ့ချ်များ(SMS)ကို ဖတ်ခြင်း/မွမ်းမံပြင်ဆင်ခြင်း \n2.4 အသံသွင်းခြင်း\n\nဤအက်ပလီကေးရှင်းကို ဟွာဝေး၏ အခြေခံသုံးစွဲသူ စည်းကမ်းများနှင့် ပုဂ္ဂိုလ်ရေး မူဝါဒဖြင့် ကာကွယ်မှုပေးထားသည်။ အကယ်၍ သဘောတူသည်ကို သင်ထိပါက ဟွာဝေး၏ ပုဂ္ဂိုလ်ရေး မူဝါဒကို နားလည်ပြီး သဘောတူသည်ဟု အသိအမှတ်ပြုခြင်းဖြစ်သည်။ 	ဟြာေဝး ေမာင္းႏွင္မွုမုဒ္မွ ႀကိဳဆိုပါသည္ -\n\n1. ဤအက္ပလီေကးရွင္းက ေအာက္ေဖာ္ျပပါ ပုဂၢိဳလ္ေရးေဒတာမ်ားကို စုေဆာင္းၿပီး လုပ္ေဆာင္မွုမ်ားေဆာင္ရြက္မည္ -\n1.1 သင့္စက္ပစၥည္းအေပၚတြင္ သိမ္းဆည္းထားေသာ ဆက္သြယ္မွု အမည္မ်ား (ဖုန္းနံပါတ္မ်ားႏွင့္ လိပ္စာမ်ား မပါ၀င္ပါ)။\n1.2 သီးျခား ညႊန္းကိန္းမ်ား (MAC လိပ္စာမ်ား အပါအဝင္ IMEI, IMSI တို႔ကိုလည္း ကန႔္သတ္မထားပါ) ႏွင့္ အသံျဖင့္ ေခၚဆိုမွုမ်ားႏွင့္ အျခားေသာ ဆက္ႏြယ္ေနသည့္ ၀န္ေဆာင္မွုမ်ားအတြက္ သင့္စက္ပစၥည္းအေပၚမွ စာတိုပို႔ ၀န္ေဆာင္မွု (SMS) ပါ၀င္မွုမ်ားျဖင့္ ပံ့ပိုးေပးရန္ျဖစ္သည္။\n\n2. ဤအက္ပလီေကးရွင္းသည္ သင့္တက္ဘလက္အေပၚမွ ေအာက္ပါမ်ားကို ၀င္ေရာက္အသုံးျပဳရန္လိုအပ္သငည္ -\n2.1 ဖုန္းနံပါတ္မ်ားကို တိုက္ရိုက္ေခၚဆိုျခင္း\n2.2 သင့္ေခၚဆိုမွုမွတ္တမ္းမ်ားကို ဖတ္ျခင္း/မြမ္းမံျပင္ဆင္ျခင္း \n2.3 သင့္မက္ေဆ့ခ်္မ်ား(SMS)ကို ဖတ္ျခင္း/မြမ္းမံျပင္ဆင္ျခင္း \n2.4 အသံသြင္းျခင္း\n\nဤအက္ပလီေကးရွင္းကို ဟြာေဝး၏ အေျခခံသုံးစြဲသူ စည္းကမ္းမ်ားႏွင့္ ပုဂၢိဳလ္ေရး မူဝါဒျဖင့္ ကာကြယ္မွုေပးထားသည္။ အကယ္၍ သေဘာတူသည္ကို သင္ထိပါက ဟြာေဝး၏ ပုဂၢိဳလ္ေရး မူဝါဒကို နားလည္ၿပီး သေဘာတူသည္ဟု အသိအမွတ္ျပဳျခင္းျဖစ္သည��။
	အေကာင့္ ႏွင့္ ဖုန္းနံပါတ္တုိ႔သည္ မဆက္ႏြယ္ေတာ့ပါ။ 	အကောင့် နှင့် ဖုန်းနံပါတ်တို့သည် မဆက်နွယ်တော့ပါ။ 	အေကာင့္ ႏွင့္ ဖုန္းနံပါတ္တို႔သည္ မဆက္ႏြယ္ေတာ့ပါ။
	သုံးစြဲမႈတိုကင္ရယူရန္ မေအာင္ျမင္ပါ။ 	သုံးစွဲမှုတိုကင်ရယူရန် မအောင်မြင်ပါ။ 	သုံးစြဲမွုတိုကင္ရယူရန္ မေအာင္ျမင္ပါ။
	အေကာင့္/လွ်ိဳ႕ဝွက္စကားလံုး မမွန္ပါ။ 	အကောင့်/လျှို့ဝှက်စကားလုံး မမှန်ပါ။ 	အေကာင့္/လၽွို႔ဝွက္စကားလုံး မမွန္ပါ။
	ေငြေပးေခ်မႈ နည္းကို ေ႐ြးပါ 	ငွေပေးချေမှု နည်းကို ရွေးပါ 	ေငြေပးေခ်မွု နည္းကို ေရြးပါ
	အတြင္းပိုင္း ၫႊန္းကိန္းမွားယြင္းမႈ။ 	အတွင်းပိုင်း ညွှန်းကိန်းမှားယွင်းမှု။ 	အတြင္းပိုင္း ညႊန္းကိန္းမွားယြင္းမွု။
	တစ္ခုထက္ပိုေနသည့္ မွာယူမႈ။ 	တစ်ခုထက်ပိုနေသည့် မှာယူမှု။ 	တစ္ခုထက္ပိုေနသည့္ မွာယူမွု။
	တင္ပို႔မႈ မေအာင္ျမင္ပါ 	တင်ပို့မှု မအောင်မြင်ပါ 	တင္ပို႔မွု မေအာင္ျမင္ပါ
	ဖြင့္ထား 	ဖွင့်ထား 	ဖြင့္ထား
	ဝင္ေရာက္အသုံးျပဳႏိုင္မႈ ပြိဳင့္ အမည္ 	ဝင်ရောက်အသုံးပြုနိုင်မှု ပွိုင့် အမည် 	ဝင္ေရာက္အသုံးျပဳနိုင္မွု ပြိဳင့္ အမည္
	ACM အကန္႔အသတ္ ေက်ာ္သြားသည္ 	ACM အကန့်အသတ် ကျော်သွားသည် 	ACM အကန႔္အသတ္ ေက်ာ္သြားသည္
	အသံေခၚဆိုမႈအျဖစ္ ေျဖဆိုပါ 	အသံခေါ်ဆိုမှုအဖြစ် ဖြေဆိုပါ 	အသံေခၚဆိုမွုအျဖစ္ ေျဖဆိုပါ
	SIM PIN ဖြင့္ထားသည္။ 	SIM PIN ဖွင့်ထားသည်။ 	SIM PIN ဖြင့္ထားသည္။
	မသိေသာ ဆက္သြယ္မႈ 	မသိသော ဆက်သွယ်မှု 	မသိေသာ ဆက္သြယ္မွု
	ပါဝင္သူမ်ား ေပါင္းထည့္ 	ပါဝင်သူများ ပေါင်းထည့် 	ပါဝင္သူမ်ား ေပါင္းထည့္
	ေခၚဆိုမႈမ်ားကို ဖလွယ္ရန္ 	ခေါ်ဆိုမှုများကို ဖလှယ်ရန် 	ေခၚဆိုမွုမ်ားကို ဖလွယ္ရန္
	ေပးပို႕ခဲ့ၿပီး 	ပေးပို့ခဲ့ပြီး 	ေပးပို႔ခဲ့ၿပီး
	ေဆာင္းဦးရြက္ေၾကြမ်ားျဖင့္<br> ကန္ေအာက္ေျခတြင္<br> ဂယက္ထ ေရျပင္ေနာက္ခံ 	ဆောင်းဦးရွက်ကြွေများဖြင့်<br> ကန်အောက်ခြေတွင်<br> ဂယက်ထ ရေပြင်နောက်ခံ 	ေဆာင္းဦးရြက္ေႂကြမ်ားျဖင့္<br> ကန္ေအာက္ေျခတြင္<br> ဂယက္ထ ေရျပင္ေနာက္ခံ
	ထားတော့ 	ထားတော့ 	ထားေတာ့
	မီဒီယာမ်ိဳးစံုုမက္ေဆ့ခ်္ အေရအတြက္ ေတာ္ေတာ္မ်ားမ်ားအား ပိုု႕လိုုက္ျပီျဖစ္သည္။  ယင္းက OK ပါရဲ႕လား။ 	မီဒီယာမျိုးစုုံမက်ဆေ့ချ် အရေအတွက် တော်တော်များများအား ပိုု့လိုုက်ပြီဖြစ်သည်။  ယင်းက OK ပါရဲ့လား။ 	မီဒီယာမ်ိဳးစုုံမက္ေဆ့ခ်္ အေရအတြက္ ေတာ္ေတာ္မ်ားမ်ားအား ပိုု႔လိုုက္ၿပီျဖစ္သည္။  ယင္းက OK ပါရဲ့လား။
	အဖဲြ႔၀င္မ်ား 	အဖွဲ့ဝင်များ 	အဖြဲ႕ဝင္မ်ား
	ျမႈပ္ကြယ္ထားေသာ ေပးပိုု႕သူလိပ္စာ 	မြှုပ်ကွယ်ထားသော ပေးပိုု့သူလိပ်စာ 	ျမႇုပ္ကြယ္ထားေသာ ေပးပိုု႔သူလိပ္စာ
	လွ်ိဳ႕ဝွက္စကားလံုး ေျပာင္းပါ 	လျှို့ဝှက်စကားလုံး ပြောင်းပါ 	လၽွို႔ဝွက္စကားလုံး ေျပာင္းပါ
	အလင်းအမှောင် 	အလငျးအမှောငျ 	အလင်းအေမွာင်
	ထွက်ပေါက် 	ထှကျပေါကျ 	ထွက်ေပါက်
	ရေးဆွဲ 	ရေးဆှဲ 	ေရးဆွဲ
	အရည်အသွေး 	အရညျအသှေး 	အရည်အေသွး
	မျက်လုံးနီ 	မကြျလုံးနီ 	မၾက်လုံးနီ
	ပုံသေ အသံ (<subnode ref="ml" index="1">%1$s</subnode>) 	ပုံသေ အသံ (<subnode ref="ml" index="1">%1$s</subnode>) 	ပုံေသ အသံ (<subnode ref="ml" index="1">%1$s</subnode>)
	USB ဒီဘက္ဂ္ဂ်င္းသည္ ဖြ႔ံႀဖိဳးမႈရည္ရြယ္ခ်က္သက္သက္အတြက္သာ ျဖစ္သည္။ ၎အားအသံုးျပဳ၍ သင့္ကြန္ပ်ဴတာႏွင့္ သင္၏ကိရိယာအၾကား အခ်က္လက္မ်ားကူးယူရန္၊ သင့္ ကိရိယာေပၚသို႔ သတိေပးအခ်က္ျပမႈမရွိဘဲ အပလီေကးရွင္းမ်ား ထည့္သြင္းရန္ႏွင့္ ေလာ့ဂ္အခ်က္လက္မ်ား ဖတ္ရန္ ျဖစ္သည္။ 	USB ဒီဘက်ဂ်ဂျင်းသည် ဖွ့ံဖြိုးမှုရည်ရွယ်ချက်သက်သက်အတွက်သာ ဖြစ်သည်။ ၎င်းအားအသုံးပြု၍ သင့်ကွန်ပျူတာနှင့် သင်၏ကိရိယာအကြား အချက်လက်များကူးယူရန်၊ သင့် ကိရိယာပေါ်သို့ သတိပေးအချက်ပြမှုမရှိဘဲ အပလီကေးရှင်းများ ထည့်သွင်းရန်နှင့် လော့ဂ်အချက်လက်များ ဖတ်ရန် ဖြစ်သည်။ 	USB ဒီဘက္ဂ္ဂ်င္းသည္ ဖြ႕ံၿဖိဳးမွုရည္ရြယ္ခ်က္သက္သက္အတြက္သာ ျဖစ္သည္။ ၎အားအသုံးျပဳ၍ သင့္ကြန္ပ်ဴတာႏွင့္ သင္၏ကိရိယာအၾကား အခ်က္လက္မ်ားကူးယူရန္၊ သင့္ ကိရိယာေပၚသို႔ သတိေပးအခ်က္ျပမွုမရွိဘဲ အပလီေကးရွင္းမ်ား ထည့္သြင္းရန္ႏွင့္ ေလာ့ဂ္အခ်က္လက္မ်ား ဖတ္ရန္ ျဖစ္သည္။
	အန္းဒရိြဳက္ ဘင္း 	အန်းဒရွိုက် ဘင်း 	အန္းဒရြိဳက္ ဘင္း
	ဤအပလီေကးရွင္းအတြက္ သတိေပးအခ်က္ျပမႈမ်ားပိတ္ထားလွ်င္၊ အေရးႀကီးသည့္ သတိေပးခ်က္မ်ားႏွင့္ အသစ္မြမ္းမံမႈမ်ားသင္ ဆံုး႐ံႈးႏိူင္သည္။ 	ဤအပလီကေးရှင်းအတွက် သတိပေးအချက်ပြမှုများပိတ်ထားလျှင်၊ အရေးကြီးသည့် သတိပေးချက်များနှင့် အသစ်မွမ်းမံမှုများသင် ဆုံးရှုံးနိူင်သည်။ 	ဤအပလီေကးရွင္းအတြက္ သတိေပးအခ်က္ျပမွုမ်ားပိတ္ထားလၽွင္၊ အေရးႀကီးသည့္ သတိေပးခ်က္မ်ားႏွင့္ အသစ္မြမ္းမံမွုမ်ားသင္ ဆုံးရွုံးနိူင္သည္။
	ကိရိယာများ မရှိ 	ကိရိယာမြား မရှိ 	ကိရိယာျမား မရွိ
	ဒီ<subnode ref="ml" index="1">%1$d</subnode>၏ အင်တာနက် ချိတ်ဆက်မှုကို မျှဝေနေ 	ဒီ<subnode ref="ml" index="1">%1$d</subnode>၏ အငျတာနကျ ခြိတျဆကျမှုကို မြှဝနေေ 	ဒီ<subnode ref="ml" index="1">%1$d</subnode>၏ အင်တာနက် ၿခိတ်ဆက်မွုကို ျမႇဝေနေ
	စကရင္ အလင္းေတာက္ပမႈကို ခ်ိန္ညိွမည္ 	စကရင် အလင်းတောက်ပမှုကို ချိန်ညှိမည် 	စကရင္ အလင္းေတာက္ပမွုကို ခ်ိန္ညႇိမည္
	<subnode ref="ml" index="1">%1$s</subnode> သည် မနှောင့်ယှက်ပါနှင့် မုဒ် အထဲမှ ထွက်ရေး အခြေအနေများကို ထည့်ပေးနိုင်မည်။ 	<subnode ref="ml" index="1">%1$s</subnode> သညျ မနှောငျ့ယှကျပါနှငျ့ မုဒျ အထဲမှ ထှကျရေး အခွအေနမြေားကို ထညျ့ပေးနိုငျမညျ။ 	<subnode ref="ml" index="1">%1$s</subnode> သည် မေႏွာင်႕ယွက်ပါႏွင်႕ မုဒ် အထဲမွ ထွက်ေရး အခြေအနေျမားကို ထည်႕ေပးနိုင်မည်။
	သင့္အသံနားေထာင္မႈအေတြ႕အႀကံဳပိုေကာင္းေစရန္ နားၾကပ္အုပ္စုတစ္ခုခ်င္းစီကို အသံအရည္အေသြးႏွင့္ အသံေပးပို႔မႈကို အမ်ိဳးအစားအလိုက္ အျမင့္ဆံုးျဖစ္ေစရန္ တိက်စြာ ခ်ိန္ၫွိေပးထားသည္။ ေက်းဇူးျပဳ၍ ေအာက္တြင္ေဖာ္ျပထားသည့္ သင့္အမိ်ဳးအစားကို ေ႐ြးခ်ယ္ပါ။ 	သင့်အသံနားထောင်မှုအတွေ့အကြုံပိုကောင်းစေရန် နားကြပ်အုပ်စုတစ်ခုချင်းစီကို အသံအရည်အသွေးနှင့် အသံပေးပို့မှုကို အမျိုးအစားအလိုက် အမြင့်ဆုံးဖြစ်စေရန် တိကျစွာ ချိန်ညှိပေးထားသည်။ ကျေးဇူးပြု၍ အောက်တွင်ဖော်ပြထားသည့် သင့်အမျိုးအစားကို ရွေးချယ်ပါ။ 	သင့္အသံနားေထာင္မွုအေတြ႕အၾကဳံပိုေကာင္းေစရန္ နားၾကပ္အုပ္စုတစ္ခုခ်င္းစီကို အသံအရည္အေသြးႏွင့္ အသံေပးပို႔မွုကို အမ်ိဳးအစားအလိုက္ အျမင့္ဆုံးျဖစ္ေစရန္ တိက်စြာ ခ်ိန္ညႇိေပးထားသည္။ ေက်းဇူးျပဳ၍ ေအာက္တြင္ေဖာ္ျပထားသည့္ သင့္အမ်ိဳးအစားကို ေရြးခ်ယ္ပါ။
	နောက်ဆုံး အကြိမ် အသုံးပြုခဲ့ 	နောကျဆုံး အကွိမျ အသုံးပွုခဲ့ 	ေနာက်ဆုံး အကြိမ် အသုံးပြဳခဲ့
	ဤအရာသည္ အတြင္းသိမ္းဆည္းေနရာမွ ေဒတာမ်ားကို ဖ်က္မည္ ျဖစ္ၿပီး၊ ဖ်က္ရာတြင္ ထပ္ပါဝင္မည့္ အရာမ်ားမွာ-\n\n<subnode ref="en" index="1">သင့္ အေကာင့္မ်ား</subnode>\n<subnode ref="en" index="2">စက္စနစ္ႏွင့္ အပလီေကးရွင္း ေဒတာႏွင့္ ခ်ိန္ညိႇမႈမ်ား</subnode>\n<subnode ref="en" index="3">အင္စေတာလုပ္ထားေသာ အပလီေကးရွင္းမ်ား</subnode> 	ဤအရာသည် အတွင်းသိမ်းဆည်းနေရာမှ ဒေတာများကို ဖျက်မည် ဖြစ်ပြီး၊ ဖျက်ရာတွင် ထပ်ပါဝင်မည့် အရာများမှာ-\n\n<subnode ref="en" index="1">သင့် အကောင့်များ</subnode>\n<subnode ref="en" index="2">စက်စနစ်နှင့် အပလီကေးရှင်း ဒေတာနှင့် ချိန်ညှိမှုများ</subnode>\n<subnode ref="en" index="3">အင်စတောလုပ်ထားသော အပလီကေးရှင်းများ</subnode> 	ဤအရာသည္ အတြင္းသိမ္းဆည္းေနရာမွ ေဒတာမ်ားကို ဖ်က္မည္ ျဖစ္ၿပီး၊ ဖ်က္ရာတြင္ ထပ္ပါဝင္မည့္ အရာမ်ားမွာ-\n\n<subnode ref="en" index="1">သင့္ အေကာင့္မ်ား</subnode>\n<subnode ref="en" index="2">စက္စနစ္ႏွင့္ အပလီေကးရွင္း ေဒတာႏွင့္ ခ်ိန္ညႇိမွုမ်ား</subnode>\n<subnode ref="en" index="3">အင္စေတာလုပ္ထားေသာ အပလီေကးရွင္းမ်ား</subnode>
	သုံးစြဲသူ ၇ ေယာက္ 	သုံးစွဲသူ ရ ယောက် 	သုံးစြဲသူ ရ ေယာက္
	အကြောင်းကြားချက် ဆက်တင်များ 	အကွောငျးကွားခကြျ ဆကျတငျမြား 	အေကြာင်းကြားခၾက် ဆက်တင်ျမား
	အသိပေချက် လော့ဂ် 	အသိပခေကြျ လော့ဂျ 	အသိပေခၾက် ေလာ့ဂ်
	စီမံအုပ်ချုပ်သူ PIN ကို ရိုက်ထည့်ရန် 	စီမံအုပျခြုပျသူ PIN ကို ရိုကျထညျ့ရနျ 	စီမံအုပ်ျခဳပ်သူ PIN ကို ရိုက်ထည်႕ရန်
	ကျွန်ုပ်၏ အသံသွင်းမှုများ 	ကြှနျုပျ၏ အသံသှငျးမှုမြား 	ၾကႇန်ဳပ်၏ အသံသွင်းမွုျမား
	ကောင်းပြီ 	ကောငျးပွီ 	ေကာင်းပြီ
	USB သိုလှောင်ကတ်ကို ချိတ်ဆက်ကြည့်ရှု၍မရပါ 	USB သိုလှောငျကတျကို ခြိတျဆကျကွညျ့ရှု၍မရပါ 	USB သိုေလွာင်ကတ်ကို ၿခိတ်ဆက်ကြည်႕ရွု၍မရပါ
	အသံစာပို့စနစ် နံပါတ် ပျောက်နေပါသည် 	အသံစာပို့စနစျ နံပါတျ ပြောကျနပေါသညျ 	အသံစာပို႔စနစ် နံပါတ် ေျပာက်နေပါသည်
	ကွမ်ကျိုး 	ကှမျကြိုး 	ကွမ်ႀကိဳး
	ဂေး 	ဂေး 	ေဂး
	ဟောင်ကောင် 	ဟောငျကောငျ 	ေဟာင်ေကာင်
	ဂျီ \ '' တစ်ဦး 	ဂြီ \ '' တစျဦး 	ၿဂီ \ '' တစ်ဦး
	ဆာရာယဗေို 	ဆာရာယဗေို 	ဆာရာယေဗို
	ရှလေီ 	ရှလေီ 	ရွေလီ
	တစ်ယောက်ဖြစ်တဲ့ Tian \ '' အီး County မှာ 	တစျယောကျဖွစျတဲ့ Tian \ '' အီး County မှာ 	တစ်ေယာက်ဖြစ်တဲ့ Tian \ '' အီး County မွာ
	Juiz အောင် De အစည်းအဝေးများတွင် 	Juiz အောငျ De အစညျးအဝေးမြားတှငျ 	Juiz ေအာင် De အစည်းအေဝးျမားတွင်
	ရှင့်ယိ 	ရှငျ့ယိ 	ရွင်႕ယိ
	စိန့်ဂျွန် \ 's 	စိနျ့ဂြှနျ \ 's 	စိန်႕ျဂႇန် \ 's
	ပျံသန်း Fish ငါး Cove 	ပြံသနျး Fish ငါး Cove 	ၿပံသန်း Fish ငါး Cove
	အာမေးနီးယား 	အာမေးနီးယား 	အာေမးနီးယား
	စော်လဒက် 	စောျလဒကျ 	ေစာ်လဒက်
	ကျူးဘား 	ကြူးဘား 	ၾကဴးဘား
	စန်တီယာဂို De ကိုအမေရိကန်ပြည်ထောင်စု Los Caballeros 	စနျတီယာဂို De ကိုအမရေိကနျပွညျထောငျစု Los Caballeros 	စန်တီယာဂို De ကိုအမေရိကန်ပြည်ေထာင်စု Los Caballeros
	စန်းဆာဗေးဒေါ 	စနျးဆာဗေးဒေါ 	စန်းဆာေဗးေဒါ
	စဝ်ဟိုဆေး Do ရီယို Preto 	စဝျဟိုဆေး Do ရီယို Preto 	စဝ်ဟိုေဆး Do ရီယို Preto
	ကျယာဗစျ 	ကယြာဗစြ 	ကၾယာဗျစ
	အိုင်ဇောလ် 	အိုငျဇောလျ 	အိုင်ေဇာလ်
	ယုံကွညျခွငျးနှငျ့၎င်းငျး 	ယုံကှညခြှငြးနှငြ့၎င်းငျးငြး 	ယုံကွညျခႇျငးႏွျင့၎င်းျငး
	ခေါင်းဆောင် Hassan 	ခေါငျးဆောငျ Hassan 	ေခါင်းေဆာင် Hassan
	ဘဆ်ွ 	ဘဆျှ 	ဘဆၽွ
	ဖနွမ်းပင် 	ဖနှမျးပငျ 	ဖႏွမ်းပင်
	ဖေါ့ 	ဖေါ့ 	ေဖါ့
	ကြိုးအမွတျ Beraq 	ကွိုးအမှတြ Beraq 	ကြိဳးအမွၾတ Beraq
	အရှေ့အာရှ York မြို့ 	အရှေ့အာရှ York မွို့ 	အေရွ႕အာရွ York မြိဳ႕
	မီးဖိုချောင် 	မီးဖိုခြောငျ 	မီးဖိုေျခာင်
	ဂျော့ခ်ျမြို့ 	ဂြော့ချမြွို့ 	ေျဂာ့ခ်ႁမြိဳ႕
	အင်ချွန်း 	အငျခြှနျး 	အင်ျခႇန်း
	ပှနျး 	ပှနြး 	ပွျနး
	ရှငျဘုရငျကို Williams ဟာမြို့ 	ရှငဘြုရငကြို Williams ဟာမွို့ 	ရွငၾဘဳရငႀကိဳ Williams ဟာမြိဳ႕
	Umhlanga ကျောက်ထရံ 	Umhlanga ကြောကျထရံ 	Umhlanga ေၾကာက်ထရံ
	ဘေလ်ဘောင် 	ဘလျေဘောငျ 	ဘေလ်ေဘာင်
	သင်ျဂွိုဟျ 	သငျဂြှိုဟြ 	သင်ျဂႇိုၾဟ
	ဥယျာဉ်ကိုပြုစု Grove 	ဥယြာဉျကိုပွုစု Grove 	ဥၾယာဉ်ကိုပြဳစု Grove
	နယူးဂျာစီပြည်နယ်စီးတီး 	နယူးဂြာစီပွညျနယျစီးတီး 	နယူးျဂာစီပြည်နယ်စီးတီး
	အကြှနျုပျ၏ Tho 	အကွှနြုပြ၏ Tho 	အကႊျနဳျပ၏ Tho
	လက်ဝှေ့ 	လကျဝှေ့ 	လက်ေဝွ႕
	ေဒါင္းလုဒ္ဆြဲရန္ သို႔မဟုတ္ ဗံီဒီယိုမ်ားအတြက္ ယာယီသိမ္းထားမႈျပဳလုပ္ရန္ မိုဘုိင္းေဒတာအားအသံုးျပဳျခင္းသည္ ေဒတာသံုးစြဲခမ်ား ကုန္က်ႏုိင္သည္။ ဤအဂၤါရပ္အား မည္သုိ႔ပင္ျဖစ္ေစ ဖြင့္မည္လား? 	ဒေါင်းလုဒ်ဆွဲရန် သို့မဟုတ် ဗီံဒီယိုများအတွက် ယာယီသိမ်းထားမှုပြုလုပ်ရန် မိုဘိုင်းဒေတာအားအသုံးပြုခြင်းသည် ဒေတာသုံးစွဲခများ ကုန်ကျနိုင်သည်။ ဤအင်္ဂါရပ်အား မည်သို့ပင်ဖြစ်စေ ဖွင့်မည်လား? 	ေဒါင္းလုဒ္ဆြဲရန္ သို႔မဟုတ္ ဗီံဒီယိုမ်ားအတြက္ ယာယီသိမ္းထားမွုျပဳလုပ္ရန္ မိုဘိုင္းေဒတာအားအသုံးျပဳျခင္းသည္ ေဒတာသုံးစြဲခမ်ား ကုန္က်နိုင္သည္။ ဤအဂၤါရပ္အား မည္သို႔ပင္ျဖစ္ေစ ဖြင့္မည္လား?
	ဖျော်ဖြေမှု 	ဖြောျဖွမှေု 	ေျဖာ်ဖြေမွု
	အသုံးျပဳမႈႏွင့္ ဆက္တင္မ်ားကို ၾကည္႔ရန္ ထိႏုိပ္ပါ 	အသုံးပြုမှုနှင့် ဆက်တင်များကို ကြည့်ရန် ထိနိုပ်ပါ 	အသုံးျပဳမွုႏွင့္ ဆက္တင္မ်ားကို ၾကည့္ရန္ ထိနိုပ္ပါ
	SIM ကဒ္အား PUK ေသာ့ခၽထားသည္။ 	SIM ကဒ်အား PUK သော့ချထားသည်။ 	SIM ကဒ္အား PUK ေသာ့ခ်ထားသည္။
	သံုးစြဲရန္ လက္ေဗြရာ အသင့္သံုးပံုစံမ်ား ေပါင္းထည့္ျခင္းႏွင့္ ဖ်က္ပစ္ျခင္းတို႕အတြက္ အက္ပ္အား မီွျငမ္းရန္နည္းလမ္းမာ်းကို ခြင့္ျပဳပါ။ 	သုံးစွဲရန် လက်ဗွေရာ အသင့်သုံးပုံစံများ ပေါင်းထည့်ခြင်းနှင့် ဖျက်ပစ်ခြင်းတို့အတွက် အက်ပ်အား မှီငြမ်းရန်နည်းလမ်းမာျးကို ခွင့်ပြုပါ။ 	သုံးစြဲရန္ လက္ေဗြရာ အသင့္သုံးပုံစံမ်ား ေပါင္းထည့္ျခင္းႏွင့္ ဖ်က္ပစ္ျခင္းတို႔အတြက္ အက္ပ္အား မွီျငမ္းရန္နည္းလမ္းမာ်းကို ခြင့္ျပဳပါ။
	ရွာေဖြသူ၏သမိုုင္း သိုု႔မဟုုတ္ သိုုေလွာင္ထားေသာ စာအုုပ္အမွတ္မ်ားအား သင္၏တက္ဘလက္ေပၚတြင္ ျပဳျပင္ေျပာင္းလဲရန္ app အားခြင့္ျပဳသည္။  ယင္းက app အား ရွာေဖြထားသည့္ အခ်က္အလက္မ်ားကိုု ဖ်က္ရန္ သိုု႕မဟုုတ္ ျပဳျပင္ေျပာင္းလဲရန္ ခြင့္ျပဳသည္။ မွတ္စု - ယခုု ခြင့္ျပဳခ်က္အား တတိယပါတီ ရွာေဖြသူမ်ား သိုု႕မဟုုတ္ ၀က္အတြင္းရွာေဖြႏိုုင္ေသာအစြမ္းသတိၱရွိသည့္ အျခားေသာ အသံုုးျပဳကိရိယာမ်ားက အားေပးမည္မဟုုတ္ 	ရှာဖွေသူ၏သမိုုင်း သိုု့မဟုုတ် သိုုလှောင်ထားသော စာအုုပ်အမှတ်များအား သင်၏တက်ဘလက်ပေါ်တွင် ပြုပြင်ပြောင်းလဲရန် app အားခွင့်ပြုသည်။  ယင်းက app အား ရှာဖွေထားသည့် အချက်အလက်များကိုု ဖျက်ရန် သိုု့မဟုုတ် ပြုပြင်ပြောင်းလဲရန် ခွင့်ပြုသည်။ မှတ်စု - ယခုု ခွင့်ပြုချက်အား တတိယပါတီ ရှာဖွေသူများ သိုု့မဟုုတ် ၀က်အတွင်းရှာဖွေနိုုင်သောအစွမ်းသတ္တိရှိသည့် အခြားသော အသုုံးပြုကိရိယာများက အားပေးမည်မဟုုတ် 	ရွာေဖြသူ၏သမိုုင္း သိုု႔မဟုုတ္ သိုုေလွာင္ထားေသာ စာအုုပ္အမွတ္မ်ားအား သင္၏တက္ဘလက္ေပၚတြင္ ျပဳျပင္ေျပာင္းလဲရန္ app အားခြင့္ျပဳသည္။  ယင္းက app အား ရွာေဖြထားသည့္ အခ်က္အလက္မ်ားကိုု ဖ်က္ရန္ သိုု႔မဟုုတ္ ျပဳျပင္ေျပာင္းလဲရန္ ခြင့္ျပဳသည္။ မွတ္စု - ယခုု ခြင့္ျပဳခ်က္အား တတိယပါတီ ရွာေဖြသူမ်ား သိုု႔မဟုုတ္ ၀က္အတြင္းရွာေဖြနိုုင္ေသာအစြမ္းသတၱိရွိသည့္ အျခားေသာ အသုုံးျပဳကိရိယာမ်ားက အားေပးမည္မဟုုတ္
	စနစ္က လႈပ္႐ွားမႈမၽား မည္သို႕စတင္သည္ကို ေစာင့္ၾကည့္ရန္ႏွင့္ ထိန္းခၽဳပ္ရန္ apps အား ခြင့္ျပဳသည္။ လႊမ္းမိုးႏိုင္သည့္apps မၽားက စနစ္အားလုံး ၫွိနိႈင္း ႏိုင္ပါသည္။ ဤခြင့္ျပဳခ်က္အား ပ႐ိုဂရမ္ေရးသားစဥ္တြင္သာ လုိအပ္ပါသည္။ 	စနစ်က လှုပ်ရှားမှုများ မည်သို့စတင်သည်ကို စောင့်ကြည့်ရန်နှင့် ထိန်းချုပ်ရန် apps အား ခွင့်ပြုသည်။ လွှမ်းမိုးနိုင်သည့်apps များက စနစ်အားလုံး ညှိနှိုင်း နိုင်ပါသည်။ ဤခွင့်ပြုချက်အား ပရိုဂရမ်ရေးသားစဉ်တွင်သာ လိုအပ်ပါသည်။ 	စနစ္က လွုပ္ရွားမွုမ်ား မည္သို႔စတင္သည္ကို ေစာင့္ၾကည့္ရန္ႏွင့္ ထိန္းခ်ဳပ္ရန္ apps အား ခြင့္ျပဳသည္။ လႊမ္းမိုးနိုင္သည့္apps မ်ားက စနစ္အားလုံး ညႇိႏွိုင္း နိုင္ပါသည္။ ဤခြင့္ျပဳခ်က္အား ပရိုဂရမ္ေရးသားစဥ္တြင္သာ လိုအပ္ပါသည္။
	မျက်နှာပြင်လျှပ်တပြက်ပုံကို မရုက်နိုင်ခဲ့ပါ၊ သိုလှောင်မှု နေရာ အကန့်အသတ် ရှိနေ၍ သို့မဟုတ် app သို့မဟုတ် သင်၏ အဖွဲ့အစည်းက ခွင့်မပြု၍ ဖြစ်နိုင်သည်။ 	မကြျနှာပွငျလြှပျတပွကျပုံကို မရုကျနိုငျခဲ့ပါ၊ သိုလှောငျမှု နရော အကနျ့အသတျ ရှိနေ၍ သို့မဟုတျ app သို့မဟုတျ သငျ၏ အဖှဲ့အစညျးက ခှငျ့မပွု၍ ဖွစျနိုငျသညျ။ 	မၾက်ႏွာပြင်ၾလႇပ်တပြက်ပုံကို မ႐ုက်နိုင်ခဲ့ပါ၊ သိုေလွာင်မွု နေရာ အကန်႕အသတ် ရွိေန၍ သို႔မဟုတ် app သို႔မဟုတ် သင်၏ အဖွဲ႕အစည်းက ခွင်႕မပြဳ၍ ဖြစ်နိုင်သည်။
	သင့္ဖုန္းကို အသက္သြင္းရန္ ထူးျခားေသာ ေခၚဆိုျခင္းကို ျပဳလုပ္ရန္လိုအပ္ပါသည္  \n\nအသက္သြင္းျခင္းကို ႏွိပ္ၿပီးေသာအခါ သင္ဖုန္းကို အသက္သြင္းရန္ ေျပာေသာ ညႊန္ၾကားခ်က္မ်ားကို နားေထာင္ပါ	သင့်ဖုန်းကို အသက်သွင်းရန် ထူးခြားသော ခေါ်ဆိုခြင်းကို ပြုလုပ်ရန်လိုအပ်ပါသည်  \n\nအသက်သွင်းခြင်းကို နှိပ်ပြီးသောအခါ သင်ဖုန်းကို အသက်သွင်းရန် ပြောသော ညွှန်ကြားချက်များကို နားထောင်ပါ	သင့္ဖုန္းကို အသက္သြင္းရန္ ထူးျခားေသာ ေခၚဆိုျခင္းကို ျပဳလုပ္ရန္လိုအပ္ပါသည္  \n\nအသက္သြင္းျခင္းကို ႏွိပ္ၿပီးေသာအခါ သင္ဖုန္းကို အသက္သြင္းရန္ ေျပာေသာ ညႊန္ၾကားခ်က္မ်ားကို နားေထာင္ပါ
	သင့္ဖုန္းကို အသက္သြင္းျခင္း မေအာင္ျမင္ေသးပါ  \n လႊမ္းၿခံဳမႈပိုေကာင္းေသာ ေနရာကို သင္ရွာရန္လိုအပ္ပါလိမ့္မည္ (ျပတင္းေပါက္အနီး သို႔မဟုတ္ အျပင္ဘက္)  \n\n ေနာက္တစ္ခါထပ္ႀကိဳးစားပါ သို႔မဟုတ္ ေဖာက္သည္ဝန္ေဆာင္မႈ ကို ပိုမိုေသာ သတင္းအခ်က္လက္အတြက္ ေခၚယူပါ	သင့်ဖုန်းကို အသက်သွင်းခြင်း မအောင်မြင်သေးပါ  \n လွှမ်းခြုံမှုပိုကောင်းသော နေရာကို သင်ရှာရန်လိုအပ်ပါလိမ့်မည် (ပြတင်းပေါက်အနီး သို့မဟုတ် အပြင်ဘက်)  \n\n နောက်တစ်ခါထပ်ကြိုးစားပါ သို့မဟုတ် ဖောက်သည်ဝန်ဆောင်မှု ကို ပိုမိုသော သတင်းအချက်လက်အတွက် ခေါ်ယူပါ	သင့္ဖုန္းကို အသက္သြင္းျခင္း မေအာင္ျမင္ေသးပါ  \n လႊမ္းျခဳံမွုပိုေကာင္းေသာ ေနရာကို သင္ရွာရန္လိုအပ္ပါလိမ့္မည္ (ျပတင္းေပါက္အနီး သို႔မဟုတ္ အျပင္ဘက္)  \n\n ေနာက္တစ္ခါထပ္ႀကိဳးစားပါ သို႔မဟုတ္ ေဖာက္သည္ဝန္ေဆာင္မွု ကို ပိုမိုေသာ သတင္းအခ်က္လက္အတြက္ ေခၚယူပါ
	သင့္ဖုန္းကိရိယာေပၚမွ ေရြးခ်ယ္ထားေသာ ဘာသာစကားတြင္ အဘိဓာန္တစ္ခုရႏိုင္သည္။<br/> သင့္စာ႐ိုက္ျခင္းအေတြ႔အၾကဳံ ပိုမိုေကာင္းမြန္ရန္အတြက္<subnode ref="en" index="1">%1$s</subnode> အဘိဓာန္ <b>ေဒါင္းလုဒ္</b> လုပ္ျခင္းကို အၾကံျပဳသည္။<br/> <br/> 3G ေပၚတြင္ ေဒါင္းလုဒ္အတြက္ တစ္မိနစ္ သို႔မဟုတ္ ႏွစ္မိနစ္ခန္႔ အခ်ိန္ယူလိမ့္မည္။ သင့္ထံတြင္ <b>မကန္႔သတ္ေသာ ေဒတာအစီအစဥ္</b> မရွိပါက ေငြကုန္က်ႏိုင္သည္။<br/> ထုိေဒတာအစီအစဥ္ သင့္တြင္ရွိသည္မွာ မေသခ်ာပါက၊ အလိုအေလ်ာက္ ေဒါင္းလုဒ္စတင္ရန္ Wi-Fiခ်ိတ္ဆက္ျခင္းတစ္ခု ရွာရန္ ကၽြႏ္ုပ္တုိ႔ အၾကံျပဳပါသည္။<br/> <br/> ဂ႐ုျပဳရန္အခ်က္- သင့္မိုဘိုင္းကိရိယာ၏ <b>ဆက္တင္မ်ား</b> မီႏူးမွ<b>ဘာသာစကား ႏွင့္ ထည့္သြင္းမႈ</b>သို႔သြား၍ သင္သည္ အဘိဓာန္မ်ားကို ေဒါင္းလုဒ္လုပ္ႏုိင္သည္/ဖယ္ရွားႏုိင္သည္။	သင့်ဖုန်းကိရိယာပေါ်မှ ရွေးချယ်ထားသော ဘာသာစကားတွင် အဘိဓာန်တစ်ခုရနိုင်သည်။<br/> သင့်စာရိုက်ခြင်းအတွေ့အကြုံ ပိုမိုကောင်းမွန်ရန်အတွက်<subnode ref="en" index="1">%1$s</subnode> အဘိဓာန် <b>ဒေါင်းလုဒ်</b> လုပ်ခြင်းကို အကြံပြုသည်။<br/> <br/> 3G ပေါ်တွင် ဒေါင်းလုဒ်အတွက် တစ်မိနစ် သို့မဟုတ် နှစ်မိနစ်ခန့် အချိန်ယူလိမ့်မည်။ သင့်ထံတွင် <b>မကန့်သတ်သော ဒေတာအစီအစဉ်</b> မရှိပါက ငွေကုန်ကျနိုင်သည်။<br/> ထိုဒေတာအစီအစဉ် သင့်တွင်ရှိသည်မှာ မသေချာပါက၊ အလိုအလျောက် ဒေါင်းလုဒ်စတင်ရန် Wi-Fiချိတ်ဆက်ခြင်းတစ်ခု ရှာရန် ကျွန်ုပ်တို့ အကြံပြုပါသည်။<br/> <br/> ဂရုပြုရန်အချက်- သင့်မိုဘိုင်းကိရိယာ၏ <b>ဆက်တင်များ</b> မီနူးမှ<b>ဘာသာစကား နှင့် ထည့်သွင်းမှု</b>သို့သွား၍ သင်သည် အဘိဓာန်များကို ဒေါင်းလုဒ်လုပ်နိုင်သည်/ဖယ်ရှားနိုင်သည်။	သင့္ဖုန္းကိရိယာေပၚမွ ေရြးခ်ယ္ထားေသာ ဘာသာစကားတြင္ အဘိဓာန္တစ္ခုရနိုင္သည္။<br/> သင့္စာရိုက္ျခင္းအေတြ႕အၾကဳံ ပိုမိုေကာင္းမြန္ရန္အတြက္<subnode ref="en" index="1">%1$s</subnode> အဘိဓာန္ <b>ေဒါင္းလုဒ္</b> လုပ္ျခင္းကို အႀကံျပဳသည္။<br/> <br/> 3G ေပၚတြင္ ေဒါင္းလုဒ္အတြက္ တစ္မိနစ္ သို႔မဟုတ္ ႏွစ္မိနစ္ခန႔္ အခ်ိန္ယူလိမ့္မည္။ သင့္ထံတြင္ <b>မကန႔္သတ္ေသာ ေဒတာအစီအစဥ္</b> မရွိပါက ေငြကုန္က်နိုင္သည္။<br/> ထိုေဒတာအစီအစဥ္ သင့္တြင္ရွိသည္မွာ မေသခ်ာပါက၊ အလိုအေလ်ာက္ ေဒါင္းလုဒ္စတင္ရန္ Wi-Fiခ်ိတ္ဆက္ျခင္းတစ္ခု ရွာရန္ ကၽြန္ုပ္တို႔ အႀကံျပဳပါသည္။<br/> <br/> ဂ႐ုျပဳရန္အခ်က္- သင့္မိုဘိုင္းကိရိယာ၏ <b>ဆက္တင္မ်ား</b> မီႏူးမွ<b>ဘာသာစကား ႏွင့္ ထည့္သြင္းမွု</b>သို႔သြား၍ သင္သည္ အဘိဓာန္မ်ားကို ေဒါင္းလုဒ္လုပ္နိုင္သည္/ဖယ္ရွားနိုင္သည္။
	Chat မက္ေဆ့ခ်္အား မေပးပုိ႔ရေသး။ လက္ခံရယူမည္သည္ ျပန္လည္ခ်ိတ္ဆက္လုိက္သည္ႏွင့္ ၎အား ထပ္မံေပးပို႔လုိက္လိမ့္မည္။  ေကာ္ပီတစ္ခုအား MMSျဖင့္ ေပးပို႔လုိပါသလား?	Chat မက်ဆေ့ချ်အား မပေးပို့ရသေး။ လက်ခံရယူမည်သည် ပြန်လည်ချိတ်ဆက်လိုက်သည်နှင့် ၎င်းအား ထပ်မံပေးပို့လိုက်လိမ့်မည်။  ကော်ပီတစ်ခုအား MMSဖြင့် ပေးပို့လိုပါသလား?	Chat မက္ေဆ့ခ်္အား မေပးပို႔ရေသး။ လက္ခံရယူမည္သည္ ျပန္လည္ခ်ိတ္ဆက္လိုက္သည္ႏွင့္ ၎အား ထပ္မံေပးပို႔လိုက္လိမ့္မည္။  ေကာ္ပီတစ္ခုအား MMSျဖင့္ ေပးပို႔လိုပါသလား?
	Chat မက္ေဆ့ခ်္အား မေပးပုိ႔ရေသး။ လက္ခံရယူမည္သည္ ျပန္လည္ခ်ိတ္ဆက္လုိက္သည္ႏွင့္ ၎အား ထပ္မံေပးပို႔လုိက္လိမ့္မည္။  ေကာ္ပီတစ္ခုအား SMSျဖင့္ ေပးပို႔လုိပါသလား?	Chat မက်ဆေ့ချ်အား မပေးပို့ရသေး။ လက်ခံရယူမည်သည် ပြန်လည်ချိတ်ဆက်လိုက်သည်နှင့် ၎င်းအား ထပ်မံပေးပို့လိုက်လိမ့်မည်။  ကော်ပီတစ်ခုအား SMSဖြင့် ပေးပို့လိုပါသလား?	Chat မက္ေဆ့ခ်္အား မေပးပို႔ရေသး။ လက္ခံရယူမည္သည္ ျပန္လည္ခ်ိတ္ဆက္လိုက္သည္ႏွင့္ ၎အား ထပ္မံေပးပို႔လိုက္လိမ့္မည္။  ေကာ္ပီတစ္ခုအား SMSျဖင့္ ေပးပို႔လိုပါသလား?
	ခ်က္ျခင္း မက္ေဆ့(ခ္်) ေပးပို႔ေနျခင္း ႏွင့္  လက္ရွိဝန္ေဆာင္မႈ	ချက်ခြင်း မက်ဆေ့(ခ်ျ) ပေးပို့နေခြင်း နှင့်  လက်ရှိဝန်ဆောင်မှု	ခ်က္ျခင္း မက္ေဆ့(ခ္်) ေပးပို႔ေနျခင္း ႏွင့္  လက္ရွိဝန္ေဆာင္မွု
	သည္အိုင္ပီနံပါတ္   ကိုဖ်က္ပစ္ခံရလိမ့္မည္	သည်အိုင်ပီနံပါတ်   ကိုဖျက်ပစ်ခံရလိမ့်မည်	သည္အိုင္ပီနံပါတ္   ကိုဖ်က္ပစ္ခံရလိမ့္မည္
	<subnode ref="en" index="1">%1$s</subnode> မိနစ္   <subnode ref="en" index="2">%2$s</subnode> စကၠန္႔	<subnode ref="en" index="1">%1$s</subnode> မိနစ်   <subnode ref="en" index="2">%2$s</subnode> စက္ကန့်	<subnode ref="en" index="1">%1$s</subnode> မိနစ္   <subnode ref="en" index="2">%2$s</subnode> စကၠန႔္
	1.ေက်းဇူးျပဳ၍သင့္လက္ရွိကြန္ယက္က ကာရီယာအဂရီေဂးရွင္း ကိုေထာက္ပံ့သည္မွာ ေသခ်ာပါေစ။ 2.သင့္လက္ရွိကြန္ယက္က ထိုလုပ္ေဆာင္ခ်က္ကို မေထာက္ပံ့လွ်င္ သင့္မိုဘိုင္းေဒတာဆားဗစ္ကို အက်ိဳးသက္ေရာက္ႏိုင္သည္။ 3.ကြန္ယက္မတည္ၿငိမ္ပါက ထိုလုပ္ေဆာင္ခ်က္ကို ပိတ္ထားပါ။	1.ကျေးဇူးပြု၍သင့်လက်ရှိကွန်ယက်က ကာရီယာအဂရီဂေးရှင်း ကိုထောက်ပံ့သည်မှာ သေချာပါစေ။ 2.သင့်လက်ရှိကွန်ယက်က ထိုလုပ်ဆောင်ချက်ကို မထောက်ပံ့လျှင် သင့်မိုဘိုင်းဒေတာဆားဗစ်ကို အကျိုးသက်ရောက်နိုင်သည်။ 3.ကွန်ယက်မတည်ငြိမ်ပါက ထိုလုပ်ဆောင်ချက်ကို ပိတ်ထားပါ။	1.ေက်းဇူးျပဳ၍သင့္လက္ရွိကြန္ယက္က ကာရီယာအဂရီေဂးရွင္း ကိုေထာက္ပံ့သည္မွာ ေသခ်ာပါေစ။ 2.သင့္လက္ရွိကြန္ယက္က ထိုလုပ္ေဆာင္ခ်က္ကို မေထာက္ပံ့လၽွင္ သင့္မိုဘိုင္းေဒတာဆားဗစ္ကို အက်ိဳးသက္ေရာက္နိုင္သည္။ 3.ကြန္ယက္မတည္ၿငိမ္ပါက ထိုလုပ္ေဆာင္ခ်က္ကို ပိတ္ထားပါ။
	သင့္ဖုန္းကို ယခု အသက္သြင္းၿပီးျဖစ္ပါသည္ ဝန္ေဆာင္မႈစတင္ရန္အတြက္ အခ်ိန္ ၁၅မိနစ္ခန္႔အထိၾကာတတ္ပါသည္   \n\n သင့္ဖုန္းသည္ ၅စကၠန္႔တြင္ အလိုအေလ်ာက္ ျပန္စပါလိမ့္မည္	သင့်ဖုန်းကို ယခု အသက်သွင်းပြီးဖြစ်ပါသည် ဝန်ဆောင်မှုစတင်ရန်အတွက် အချိန် ၁၅မိနစ်ခန့်အထိကြာတတ်ပါသည်   \n\n သင့်ဖုန်းသည် ၅စက္ကန့်တွင် အလိုအလျောက် ပြန်စပါလိမ့်မည်	သင့္ဖုန္းကို ယခု အသက္သြင္းၿပီးျဖစ္ပါသည္ ဝန္ေဆာင္မွုစတင္ရန္အတြက္ အခ်ိန္ ၁၅မိနစ္ခန႔္အထိၾကာတတ္ပါသည္   \n\n သင့္ဖုန္းသည္ ၅စကၠန႔္တြင္ အလိုအေလ်ာက္ ျပန္စပါလိမ့္မည္
	သင့္ဖုန္းကို အသက္သြင္းျခင္း မေအာင္ျမင္ေသးပါ   \n လႊမ္းၿခံဳမႈပိုေကာင္းေသာ ေနရာကို သင္ရွာရန္လိုအပ္ပါလိမ့္မည္ (ျပတင္းေပါက္အနီး သို႔မဟုတ္ အျပင္ဘက္)   \n\n ေနာက္တစ္ခါထပ္ႀကိဳးစားပါ သို႔မဟုတ္ ေဖာက္သည္ဝန္ေဆာင္မႈ ကို ပိုမိုေသာ သတင္းအခ်က္လက္အတြက္ ေခၚယူပါ	သင့်ဖုန်းကို အသက်သွင်းခြင်း မအောင်မြင်သေးပါ   \n လွှမ်းခြုံမှုပိုကောင်းသော နေရာကို သင်ရှာရန်လိုအပ်ပါလိမ့်မည် (ပြတင်းပေါက်အနီး သို့မဟုတ် အပြင်ဘက်)   \n\n နောက်တစ်ခါထပ်ကြိုးစားပါ သို့မဟုတ် ဖောက်သည်ဝန်ဆောင်မှု ကို ပိုမိုသော သတင်းအချက်လက်အတွက် ခေါ်ယူပါ	သင့္ဖုန္းကို အသက္သြင္းျခင္း မေအာင္ျမင္ေသးပါ   \n လႊမ္းျခဳံမွုပိုေကာင္းေသာ ေနရာကို သင္ရွာရန္လိုအပ္ပါလိမ့္မည္ (ျပတင္းေပါက္အနီး သို႔မဟုတ္ အျပင္ဘက္)   \n\n ေနာက္တစ္ခါထပ္ႀကိဳးစားပါ သို႔မဟုတ္ ေဖာက္သည္ဝန္ေဆာင္မွု ကို ပိုမိုေသာ သတင္းအခ်က္လက္အတြက္ ေခၚယူပါ
	ဤပါဝါဖြင့္ျခင္းကို ယခုမွစ၍   <subnode ref="ml" index="1">%1$s</subnode> အတြက္ သတ္မွတ္သည္။	ဤပါဝါဖွင့်ခြင်းကို ယခုမှစ၍   <subnode ref="ml" index="1">%1$s</subnode> အတွက် သတ်မှတ်သည်။	ဤပါဝါဖြင့္ျခင္းကို ယခုမွစ၍   <subnode ref="ml" index="1">%1$s</subnode> အတြက္ သတ္မွတ္သည္။
	ဤပါဝါဖြင့္ျခင္းကို ယခုမွစ၍   <subnode ref="ml" index="1">%1$s</subnode> ႏွင့္   <subnode ref="ml" index="2">%3$s</subnode> အတြက္ သတ္မွတ္သည္။	ဤပါဝါဖွင့်ခြင်းကို ယခုမှစ၍   <subnode ref="ml" index="1">%1$s</subnode> နှင့်   <subnode ref="ml" index="2">%3$s</subnode> အတွက် သတ်မှတ်သည်။	ဤပါဝါဖြင့္ျခင္းကို ယခုမွစ၍   <subnode ref="ml" index="1">%1$s</subnode> ႏွင့္   <subnode ref="ml" index="2">%3$s</subnode> အတြက္ သတ္မွတ္သည္။
	သင့္စက္သည္   <subnode ref="ml" index="1">%s</subnode> စကၠန္႔မ်ားအတြင္း ပိတ္သြားလိမ့္မည္	သင့်စက်သည်   <subnode ref="ml" index="1">%s</subnode> စက္ကန့်များအတွင်း ပိတ်သွားလိမ့်မည်	သင့္စက္သည္   <subnode ref="ml" index="1">%s</subnode> စကၠန႔္မ်ားအတြင္း ပိတ္သြားလိမ့္မည္
	ႏွိပ္ျခင္းျဖင့္ရွာေဖြျခင္းကို ဖြင့္ထားလွ်င္  သင့္လက္ေအာက္တြင္ မည္သည့္အရာရွိသည္ကို အသံၾကားႏိူင္ (သို႔) \n\nေဖာ္ျပခ်က္အားေတြ႔ႏိူင္ပါသည္။ ဤလုပ္ေဆင္ခ်က္သည္ အျမင္မႈန္ဝါးသူမ်ားအတြက္ ျဖစ္ပါသည္။	နှိပ်ခြင်းဖြင့်ရှာဖွေခြင်းကို ဖွင့်ထားလျှင်  သင့်လက်အောက်တွင် မည်သည့်အရာရှိသည်ကို အသံကြားနိူင် (သို့) \n\nဖော်ပြချက်အားတွေ့နိူင်ပါသည်။ ဤလုပ်ဆေင်ချက်သည် အမြင်မှုန်ဝါးသူများအတွက် ဖြစ်ပါသည်။	ႏွိပ္ျခင္းျဖင့္ရွာေဖြျခင္းကို ဖြင့္ထားလၽွင္  သင့္လက္ေအာက္တြင္ မည္သည့္အရာရွိသည္ကို အသံၾကားနိူင္ (သို႔) \n\nေဖာ္ျပခ်က္အားေတြ႕နိူင္ပါသည္။ ဤလုပ္ေဆင္ခ်က္သည္ အျမင္မွုန္ဝါးသူမ်ားအတြက္ ျဖစ္ပါသည္။
	ဤလုပ္ေဆာင္ခ်က္သည္ ႏွိပ္ျခင္းအားတံု႔ျပန္မႈ နည္းလမ္းအား ေျပာင္းလဲပစ္ပါသည္။  ဖြင့္မည္လား။	ဤလုပ်ဆောင်ချက်သည် နှိပ်ခြင်းအားတုံ့ပြန်မှု နည်းလမ်းအား ပြောင်းလဲပစ်ပါသည်။  ဖွင့်မည်လား။	ဤလုပ္ေဆာင္ခ်က္သည္ ႏွိပ္ျခင္းအားတုံ႔ျပန္မွု နည္းလမ္းအား ေျပာင္းလဲပစ္ပါသည္။  ဖြင့္မည္လား။
	အကယ္၍သင္သည္ မူလပါဝင္သည့္အပလီေကးရွင္းတစ္ခုအားပိတ္လွ်င္၊ အျခားအပလီေကးရွင္းမ်ား  ပံုမွန္မဟုတ္သည့္လုပ္ေဆာင္ခ်က္မ်ား ျဖစ္ေပၚႏိူင္သည္။	အကယ်၍သင်သည် မူလပါဝင်သည့်အပလီကေးရှင်းတစ်ခုအားပိတ်လျှင်၊ အခြားအပလီကေးရှင်းများ  ပုံမှန်မဟုတ်သည့်လုပ်ဆောင်ချက်များ ဖြစ်ပေါ်နိူင်သည်။	အကယ္၍သင္သည္ မူလပါဝင္သည့္အပလီေကးရွင္းတစ္ခုအားပိတ္လၽွင္၊ အျခားအပလီေကးရွင္းမ်ား  ပုံမွန္မဟုတ္သည့္လုပ္ေဆာင္ခ်က္မ်ား ျဖစ္ေပၚနိူင္သည္။
	ထည့္သြင္းထားသည့္စာရင္းထဲတြင္ ၎အပလီေကးရွင္းအား  မေတြ႔ရပါ။	ထည့်သွင်းထားသည့်စာရင်းထဲတွင် ၎င်းအပလီကေးရှင်းအား  မတွေ့ရပါ။	ထည့္သြင္းထားသည့္စာရင္းထဲတြင္ ၎အပလီေကးရွင္းအား  မေတြ႕ရပါ။
	ဤသည္မွာ အပလီေကးရွင္း အေဟာင္း ၏ လုပ္ငန္းစဥ္ျဖစ္ၿပီး လိုအပ္မႈရွိလာႏိူင္ေသာေၾကာင့္ ပြင့္ေနျခင္းျဖစ္သည္။  အမ်ားအားျဖင့္ရပ္တန္႕ရန္အေၾကာင္းျပခ်က္မရွိပါ။	ဤသည်မှာ အပလီကေးရှင်း အဟောင်း ၏ လုပ်ငန်းစဉ်ဖြစ်ပြီး လိုအပ်မှုရှိလာနိူင်သောကြောင့် ပွင့်နေခြင်းဖြစ်သည်။  အများအားဖြင့်ရပ်တန့်ရန်အကြောင်းပြချက်မရှိပါ။	ဤသည္မွာ အပလီေကးရွင္း အေဟာင္း ၏ လုပ္ငန္းစဥ္ျဖစ္ၿပီး လိုအပ္မွုရွိလာနိူင္ေသာေၾကာင့္ ပြင့္ေနျခင္းျဖစ္သည္။  အမ်ားအားျဖင့္ရပ္တန႔္ရန္အေၾကာင္းျပခ်က္မရွိပါ။
	သင္သည္ encryption ျပဳလုပ္ေျပာင္းလဲမႈမတိုင္မီ ပင္ သို႔မဟုတ္  လ်ိဳ႕ဝွက္စကားလုံးကို စခရင္ေလာ့ခ္ခ်ရန္ သတ္မွတ္ရမည္ျဖစ္သည္	သင်သည် encryption ပြုလုပ်ပြောင်းလဲမှုမတိုင်မီ ပင် သို့မဟုတ်  လျို့ဝှက်စကားလုံးကို စခရင်လော့ခ်ချရန် သတ်မှတ်ရမည်ဖြစ်သည်	သင္သည္ encryption ျပဳလုပ္ေျပာင္းလဲမွုမတိုင္မီ ပင္ သို႔မဟုတ္  လ်ိဳ႕ဝွက္စကားလုံးကို စခရင္ေလာ့ခ္ခ်ရန္ သတ္မွတ္ရမည္ျဖစ္သည္
	encrypt ျပဳလုုပ္ေျပာင္းလဲမႈသည္ ေႏွက္ယွက္ခံရၿပီး ၿပီးစီးေအာင္မလုပ္ႏိုင္ပါ ရလဒ္အားျဖင့္   သင့္ဖုန္းေပၚရွိေဒတာအခ်က္လက္မ်ာကို ဝင္ေရာက္အသုံးမျပဳႏိုင္ေတာ့ပါ  \n\n သင့္ဖုန္းကို ျပန္အသုံးျပဳႏိုင္ရန္အတြက္ စက္ရုံသတ္မွတ္ခ်က္  ကိုျပန္ခ်ျခင္းကို ျပဳလုပ္ရပါမည္ သင့္ဖုန္းကို သတ္မွတ္ခ်က္ျပန္ခ်ၿပီးေနာက္ သင့္တြင္ ဂူဂဲးလ္မွ သိမ္းဆည္းေပးထားေသာ အခ်က္လက္ေဒတာမ်ားကို ျပန္ရရန္ အခြင့္အလမ္းရွိလာႏိုင္သည္	encrypt ပြုလုုပ်ပြောင်းလဲမှုသည် နှေက်ယှက်ခံရပြီး ပြီးစီးအောင်မလုပ်နိုင်ပါ ရလဒ်အားဖြင့်   သင့်ဖုန်းပေါ်ရှိဒေတာအချက်လက်မျာကို ဝင်ရောက်အသုံးမပြုနိုင်တော့ပါ  \n\n သင့်ဖုန်းကို ပြန်အသုံးပြုနိုင်ရန်အတွက် စက်ရုံသတ်မှတ်ချက်  ကိုပြန်ချခြင်းကို ပြုလုပ်ရပါမည် သင့်ဖုန်းကို သတ်မှတ်ချက်ပြန်ချပြီးနောက် သင့်တွင် ဂူဂဲးလ်မှ သိမ်းဆည်းပေးထားသော အချက်လက်ဒေတာများကို ပြန်ရရန် အခွင့်အလမ်းရှိလာနိုင်သည်	encrypt ျပဳလုုပ္ေျပာင္းလဲမွုသည္ ေႏွက္ယွက္ခံရၿပီး ၿပီးစီးေအာင္မလုပ္နိုင္ပါ ရလဒ္အားျဖင့္   သင့္ဖုန္းေပၚရွိေဒတာအခ်က္လက္မ်ာကို ဝင္ေရာက္အသုံးမျပဳနိုင္ေတာ့ပါ  \n\n သင့္ဖုန္းကို ျပန္အသုံးျပဳနိုင္ရန္အတြက္ စက္႐ုံသတ္မွတ္ခ်က္  ကိုျပန္ခ်ျခင္းကို ျပဳလုပ္ရပါမည္ သင့္ဖုန္းကို သတ္မွတ္ခ်က္ျပန္ခ်ၿပီးေနာက္ သင့္တြင္ ဂူဂဲးလ္မွ သိမ္းဆည္းေပးထားေသာ အခ်က္လက္ေဒတာမ်ားကို ျပန္ရရန္ အခြင့္အလမ္းရွိလာနိုင္သည္
	သင့္ဖုန္း  ကိုencryption ျပဳလုပ္ေျပာင္းလဲမႈလုပ္ေနခ်ိန္တြင္း ေစာင့္ဆိုင္းေနပါ <subnode>^1</subnode> ရာခိုင္ႏႈန္းၿပီးပါၿပီ	သင့်ဖုန်း  ကိုencryption ပြုလုပ်ပြောင်းလဲမှုလုပ်နေချိန်တွင်း စောင့်ဆိုင်းနေပါ <subnode>^1</subnode> ရာခိုင်နှုန်းပြီးပါပြီ	သင့္ဖုန္း  ကိုencryption ျပဳလုပ္ေျပာင္းလဲမွုလုပ္ေနခ်ိန္တြင္း ေစာင့္ဆိုင္းေနပါ <subnode>^1</subnode> ရာခိုင္ႏွုန္းၿပီးပါၿပီ
	ဤစီမံသူအား ဖြင့္ျခင္းအားျဖင့္  အပလီေကးရွင္း<subnode>%1$s</subnode> အား ေအာက္ပါလုပ္ေဆာင္ခ်က္မ်ားလုပ္ေဆာင္ရန္ ခြင့္ျပဳလိုက္သည္ -	ဤစီမံသူအား ဖွင့်ခြင်းအားဖြင့်  အပလီကေးရှင်း<subnode>%1$s</subnode> အား အောက်ပါလုပ်ဆောင်ချက်များလုပ်ဆောင်ရန် ခွင့်ပြုလိုက်သည် -	ဤစီမံသူအား ဖြင့္ျခင္းအားျဖင့္  အပလီေကးရွင္း<subnode>%1$s</subnode> အား ေအာက္ပါလုပ္ေဆာင္ခ်က္မ်ားလုပ္ေဆာင္ရန္ ခြင့္ျပဳလိုက္သည္ -
	ဤအပလီေကးရွင္းအား လံုၿခံဳစြာ  ရပ္တန္႕၍မရပါ။ သင္ရပ္တန္႔လိုက္လွ်င္၊ သင့္လက္ရွိအလုပ္အခ်ိဳ႕ဆံုး႐ံႈးေစႏိူင္သည္။	ဤအပလီကေးရှင်းအား လုံခြုံစွာ  ရပ်တန့်၍မရပါ။ သင်ရပ်တန့်လိုက်လျှင်၊ သင့်လက်ရှိအလုပ်အချို့ဆုံးရှုံးစေနိူင်သည်။	ဤအပလီေကးရွင္းအား လုံျခဳံစြာ  ရပ္တန႔္၍မရပါ။ သင္ရပ္တန႔္လိုက္လၽွင္၊ သင့္လက္ရွိအလုပ္အခ်ိဳ႕ဆုံးရွုံးေစနိူင္သည္။
	ဤ႐ိုက္သြင္းျခင္းနည္းလမ္းသည္ လွ်ိဳ႕ဝွက္နံပါတ္မ်ားႏွင့္ အေႁကြးဝယ္ကဒ္နံပါတ္မ်ား အပါအဝင္ သင္႐ိုက္ထည့္သမွ်စာမ်ားကို စုေဆာင္း  ပါသည္။  <subnode>%1$s</subnode>. အပလီေကးရွင္းမွ လာျခင္းျဖစ္သည္ ဤ႐ိုက္သြင္းျခင္းနည္းလမ္းအားအသံုးျပဳမည္လား။	ဤရိုက်သွင်းခြင်းနည်းလမ်းသည် လျှို့ဝှက်နံပါတ်များနှင့် အကြွေးဝယ်ကဒ်နံပါတ်များ အပါအဝင် သင်ရိုက်ထည့်သမျှစာများကို စုဆောင်း  ပါသည်။  <subnode>%1$s</subnode>. အပလီကေးရှင်းမှ လာခြင်းဖြစ်သည် ဤရိုက်သွင်းခြင်းနည်းလမ်းအားအသုံးပြုမည်လား။	ဤရိုက္သြင္းျခင္းနည္းလမ္းသည္ လၽွို႔ဝွက္နံပါတ္မ်ားႏွင့္ အေႂကြးဝယ္ကဒ္နံပါတ္မ်ား အပါအဝင္ သင္ရိုက္ထည့္သမၽွစာမ်ားကို စုေဆာင္း  ပါသည္။  <subnode>%1$s</subnode>. အပလီေကးရွင္းမွ လာျခင္းျဖစ္သည္ ဤရိုက္သြင္းျခင္းနည္းလမ္းအားအသုံးျပဳမည္လား။
	အသံုးျပဳသူ ထြက္သြားသည္ႏွင့္ လႈပ္ရွားမႈမ်ားအားလံုးအား ဖ်က္ပစ္ပါ။	အသုံးပြုသူ ထွက်သွားသည်နှင့် လှုပ်ရှားမှုများအားလုံးအား ဖျက်ပစ်ပါ။	အသုံးျပဳသူ ထြက္သြားသည္ႏွင့္ လွုပ္ရွားမွုမ်ားအားလုံးအား ဖ်က္ပစ္ပါ။
	သင့္ဖုန္းႏွင့္ကိုယ္ေရးကိုယ္တာအခ်က္အလက္မ်ားသည္ အမည္မသိေသာအရင္းျမစ္မ်ားမွ အက္ပ္မ်ား၏တိုက္ခိုက္မႈ ေၾကာင့္ ပို၍ထိခိုက္လြယ္လိမ့္မည္။ ၎အက္ပ္မ်ားအသံုးျပဳျခင္းေၾကာင့္ ရရွိျဖစ္ေပၚလာမည့္ အခ်က္အလက္ေပ်ာက္ဆံုးျခင္း (သုိ႔) သင့္ဖုန္းပ်က္စီးျခင္းမ်ားအတြက္ ္သင့္မွာသာလွ်င္တာဝန္ရွိေၾကာင္း သင္သေဘာတူရလိမ့္မည္။	သင့်ဖုန်းနှင့်ကိုယ်ရေးကိုယ်တာအချက်အလက်များသည် အမည်မသိသောအရင်းမြစ်များမှ အက်ပ်များ၏တိုက်ခိုက်မှု ကြောင့် ပို၍ထိခိုက်လွယ်လိမ့်မည်။ ၎င်းအက်ပ်များအသုံးပြုခြင်းကြောင့် ရရှိဖြစ်ပေါ်လာမည့် အချက်အလက်ပျောက်ဆုံးခြင်း (သို့) သင့်ဖုန်းပျက်စီးခြင်းများအတွက် ်သင့်မှာသာလျှင်တာဝန်ရှိကြောင်း သင်သဘောတူရလိမ့်မည်။	သင့္ဖုန္းႏွင့္ကိုယ္ေရးကိုယ္တာအခ်က္အလက္မ်ားသည္ အမည္မသိေသာအရင္းျမစ္မ်ားမွ အက္ပ္မ်ား၏တိုက္ခိုက္မွု ေၾကာင့္ ပို၍ထိခိုက္လြယ္လိမ့္မည္။ ၎အက္ပ္မ်ားအသုံးျပဳျခင္းေၾကာင့္ ရရွိျဖစ္ေပၚလာမည့္ အခ်က္အလက္ေပ်ာက္ဆုံးျခင္း (သို႔) သင့္ဖုန္းပ်က္စီးျခင္းမ်ားအတြက္ ္သင့္မွာသာလၽွင္တာဝန္ရွိေၾကာင္း သင္သေဘာတူရလိမ့္မည္။
	ေထာက္ပံ့သူ <subnode>%1$s</subnode> လက္ရွိအသံုးျပဳေနသည္။	ထောက်ပံ့သူ <subnode>%1$s</subnode> လက်ရှိအသုံးပြုနေသည်။	ေထာက္ပံ့သူ <subnode>%1$s</subnode> လက္ရွိအသုံးျပဳေနသည္။
	<subnode>%1$d</subnode> လုပ္ေဆာင္ခ်က္မ်ားႏွင့္ <subnode>%2$d</subnode> ဝန္ေဆာင္မႈမ်ား	<subnode>%1$d</subnode> လုပ်ဆောင်ချက်များနှင့် <subnode>%2$d</subnode> ဝန်ဆောင်မှုများ	<subnode>%1$d</subnode> လုပ္ေဆာင္ခ်က္မ်ားႏွင့္ <subnode>%2$d</subnode> ဝန္ေဆာင္မွုမ်ား
	အကယ္၍သင္သည္ ဤဝန္ေဆာင္မႈအားရပ္တန္႔လိုက္ပါက သင့္ဖုန္းထဲရွိ လုပ္ေဆာင္ႏိူင္မႈတစ္ခ်ိဳ႕ မွာ သင္ပါဝါပိတ္ ၍ျပန္ဖြင့္သည့္အခ်ိန္ထိ မွန္ကန္စြာ အလုပ္လုပ္မည္မဟုတ္ပါ။	အကယ်၍သင်သည် ဤဝန်ဆောင်မှုအားရပ်တန့်လိုက်ပါက သင့်ဖုန်းထဲရှိ လုပ်ဆောင်နိူင်မှုတစ်ချို့ မှာ သင်ပါဝါပိတ် ၍ပြန်ဖွင့်သည့်အချိန်ထိ မှန်ကန်စွာ အလုပ်လုပ်မည်မဟုတ်ပါ။	အကယ္၍သင္သည္ ဤဝန္ေဆာင္မွုအားရပ္တန႔္လိုက္ပါက သင့္ဖုန္းထဲရွိ လုပ္ေဆာင္နိူင္မွုတစ္ခ်ိဳ႕ မွာ သင္ပါဝါပိတ္ ၍ျပန္ဖြင့္သည့္အခ်ိန္ထိ မွန္ကန္စြာ အလုပ္လုပ္မည္မဟုတ္ပါ။
	သင့္ဖုန္းေပၚရွိေအာက္ပါတို႔အား ဤအပလီေကးရွင္းသည္ အသံုးျပဳႏိူင္သည္။  လုပ္ေဆာင္ခ်က္တိုးတက္ေစရန္ႏွင့္ ခဏတာမွတ္ဥာဏ္ေလွ်ာ့ခ်ႏိူင္ရန္ ဤအခ်ိဳ႕ေသာ ခြင့္ျပဳခ်က္မ်ား <subnode ref="en" index="1">%1$s</subnode> အတြက္ရႏိူင္ပ့ါသည္။  အဘယ့္ေၾကာင့္ဆိုေသာ္ <subnode ref="en" index="2">%2$s</subnode> ႏွင့္အတူဖြင့္ေန၍ျဖစ္သည္။	သင့်ဖုန်းပေါ်ရှိအောက်ပါတို့အား ဤအပလီကေးရှင်းသည် အသုံးပြုနိူင်သည်။  လုပ်ဆောင်ချက်တိုးတက်စေရန်နှင့် ခဏတာမှတ်ဉာဏ်လျှော့ချနိူင်ရန် ဤအချို့သော ခွင့်ပြုချက်များ <subnode ref="en" index="1">%1$s</subnode> အတွက်ရနိူင်ပ့ါသည်။  အဘယ့်ကြောင့်ဆိုသော် <subnode ref="en" index="2">%2$s</subnode> နှင့်အတူဖွင့်နေ၍ဖြစ်သည်။	သင့္ဖုန္းေပၚရွိေအာက္ပါတို႔အား ဤအပလီေကးရွင္းသည္ အသုံးျပဳနိူင္သည္။  လုပ္ေဆာင္ခ်က္တိုးတက္ေစရန္ႏွင့္ ခဏတာမွတ္ဉာဏ္ေလၽွာ့ခ်နိူင္ရန္ ဤအခ်ိဳ႕ေသာ ခြင့္ျပဳခ်က္မ်ား <subnode ref="en" index="1">%1$s</subnode> အတြက္ရနိူင္ပ့ါသည္။  အဘယ့္ေၾကာင့္ဆိုေသာ္ <subnode ref="en" index="2">%2$s</subnode> ႏွင့္အတူဖြင့္ေန၍ျဖစ္သည္။
	<subnode>%1$s</subnode>: လက္ရွိအသံုးျပဳေနသည္။ ထိန္းခ်ဳပ္ရန္ ဆက္တင္အားတို႔ထိပါ။	<subnode>%1$s</subnode>: လက်ရှိအသုံးပြုနေသည်။ ထိန်းချုပ်ရန် ဆက်တင်အားတို့ထိပါ။	<subnode>%1$s</subnode>: လက္ရွိအသုံးျပဳေနသည္။ ထိန္းခ်ဳပ္ရန္ ဆက္တင္အားတို႔ထိပါ။
	ေနာက္ခံအပလီေကးရွင္းမ်ားအတြက္ အပလီေကးရွင္း မတံု႔ျပန္ပါစကားစုအား ျပပါ။	နောက်ခံအပလီကေးရှင်းများအတွက် အပလီကေးရှင်း မတုံ့ပြန်ပါစကားစုအား ပြပါ။	ေနာက္ခံအပလီေကးရွင္းမ်ားအတြက္ အပလီေကးရွင္း မတုံ႔ျပန္ပါစကားစုအား ျပပါ။
	ဤစာလံုးေပါင္းစစ္ေဆးကိရိယာသည္ လွ်ိဳ႕ဝွက္နံပါတ္မ်ားႏွင့္ အေႁကြးဝယ္ကဒ္နံပါတ္မ်ား အပါအဝင္ သင္႐ိုက္ထည့္သမွ်စာမ်ားကို စုေဆာင္း  ပါသည္။  <subnode>%1$s</subnode>.  အပလီေကးရွင္းမွ လာျခင္းျဖစ္သည္ ဤစာလံုးေပါင္းစစ္ေဆးကိရိယာ အားအသံုးျပဳပါမည္လား။	ဤစာလုံးပေါင်းစစ်ဆေးကိရိယာသည် လျှို့ဝှက်နံပါတ်များနှင့် အကြွေးဝယ်ကဒ်နံပါတ်များ အပါအဝင် သင်ရိုက်ထည့်သမျှစာများကို စုဆောင်း  ပါသည်။  <subnode>%1$s</subnode>.  အပလီကေးရှင်းမှ လာခြင်းဖြစ်သည် ဤစာလုံးပေါင်းစစ်ဆေးကိရိယာ အားအသုံးပြုပါမည်လား။	ဤစာလုံးေပါင္းစစ္ေဆးကိရိယာသည္ လၽွို႔ဝွက္နံပါတ္မ်ားႏွင့္ အေႂကြးဝယ္ကဒ္နံပါတ္မ်ား အပါအဝင္ သင္ရိုက္ထည့္သမၽွစာမ်ားကို စုေဆာင္း  ပါသည္။  <subnode>%1$s</subnode>.  အပလီေကးရွင္းမွ လာျခင္းျဖစ္သည္ ဤစာလုံးေပါင္းစစ္ေဆးကိရိယာ အားအသုံးျပဳပါမည္လား။
	ေဖာ္မတ္ပံုစံခ်ၿပီးေနာက္၊ <subnode ref="en" index="1">^1</subnode> သည္ ဤကိရိယာ၌သာလွ်င္ အလုပ္လုပ္ေဆာင္သြားမည္။ \n\nေဖာ္မတ္ပံုစံခ်ျခင္းသည္ <subnode ref="en" index="1">^1</subnode> တြင္သိုေလွာင္ထားသည့္ လက္ရွိေဒတာအားလံုးကို ဖ်က္ပစ္ပါမည္။ ေဒတာဆံုး႐ႈံးမႈမွ ကာကြယ္ရန္အတြက္၊ ၎ကိုအရံသိမ္းရန္ ထည့္သြင္းစဥ္းစားပါ။	ဖော်မတ်ပုံစံချပြီးနောက်၊ <subnode ref="en" index="1">^1</subnode> သည် ဤကိရိယာ၌သာလျှင် အလုပ်လုပ်ဆောင်သွားမည်။ \n\nဖော်မတ်ပုံစံချခြင်းသည် <subnode ref="en" index="1">^1</subnode> တွင်သိုလှောင်ထားသည့် လက်ရှိဒေတာအားလုံးကို ဖျက်ပစ်ပါမည်။ ဒေတာဆုံးရှုံးမှုမှ ကာကွယ်ရန်အတွက်၊ ၎င်းကိုအရံသိမ်းရန် ထည့်သွင်းစဉ်းစားပါ။	ေဖာ္မတ္ပုံစံခ်ၿပီးေနာက္၊ <subnode ref="en" index="1">^1</subnode> သည္ ဤကိရိယာ၌သာလၽွင္ အလုပ္လုပ္ေဆာင္သြားမည္။ \n\nေဖာ္မတ္ပုံစံခ်ျခင္းသည္ <subnode ref="en" index="1">^1</subnode> တြင္သိုေလွာင္ထားသည့္ လက္ရွိေဒတာအားလုံးကို ဖ်က္ပစ္ပါမည္။ ေဒတာဆုံးရွုံးမွုမွ ကာကြယ္ရန္အတြက္၊ ၎ကိုအရံသိမ္းရန္ ထည့္သြင္းစဥ္းစားပါ။
	<subnode>ဂူဂဲလ္စင္ခ႐ိုႏိုက္မွ ႀကိဳဆိုပါသည္။</subnode>  \nသင္မည္သည့္ေနရာတြင္မဆို သင့္လိပ္စာမ်ား၊ ခ်ိန္းဆိုခ်က္မ်ားႏွင့္ အျခားအရာမ်ားကို အသံုးျပဳခြင့္ရႏိုင္ေစရန္ ဂူဂဲလ္သည္ အခ်က္လက္ စင္ခ႐ိုႏိုက္လုပ္ျခင္းအား ျပဳလုပ္ျခင္းျဖစ္သည္။	<subnode>ဂူဂဲလ်စင်ခရိုနိုက်မှ ကြိုဆိုပါသည်။</subnode>  \nသင်မည်သည့်နေရာတွင်မဆို သင့်လိပ်စာများ၊ ချိန်းဆိုချက်များနှင့် အခြားအရာများကို အသုံးပြုခွင့်ရနိုင်စေရန် ဂူဂဲလ်သည် အချက်လက် စင်ခရိုနိုက်လုပ်ခြင်းအား ပြုလုပ်ခြင်းဖြစ်သည်။	<subnode>ဂူဂဲလ္စင္ခရိုနိုက္မွ ႀကိဳဆိုပါသည္။</subnode>  \nသင္မည္သည့္ေနရာတြင္မဆို သင့္လိပ္စာမ်ား၊ ခ်ိန္းဆိုခ်က္မ်ားႏွင့္ အျခားအရာမ်ားကို အသုံးျပဳခြင့္ရနိုင္ေစရန္ ဂူဂဲလ္သည္ အခ်က္လက္ စင္ခရိုနိုက္လုပ္ျခင္းအား ျပဳလုပ္ျခင္းျဖစ္သည္။
	ဤစကားေျပာေပါင္းစပ္မႈသည္ စကားေျပာမည့္စာသား၊ လွ်ိဳ႕ဝွက္စကားလံုးမ်ားကဲ့သို႔ ကိုယ္ေရးကိုယ္တာအခ်က္အလက္အပါအဝင္  ခရက္ဒစ္ကဒ္နံပါတ္မ်ားအား  စုေဆာင္းႏိုင္ပါသည္။ <subnode>%s</subnode> အင္ဂ်င္မွလာျခင္းျဖစ္သည္။  ဤစကားေျပာေပါင္းစပ္မႈအင္ဂ်င္အား အသံုးျပဳမည္	ဤစကားပြောပေါင်းစပ်မှုသည် စကားပြောမည့်စာသား၊ လျှို့ဝှက်စကားလုံးများကဲ့သို့ ကိုယ်ရေးကိုယ်တာအချက်အလက်အပါအဝင်  ခရက်ဒစ်ကဒ်နံပါတ်များအား  စုဆောင်းနိုင်ပါသည်။ <subnode>%s</subnode> အင်ဂျင်မှလာခြင်းဖြစ်သည်။  ဤစကားပြောပေါင်းစပ်မှုအင်ဂျင်အား အသုံးပြုမည်	ဤစကားေျပာေပါင္းစပ္မွုသည္ စကားေျပာမည့္စာသား၊ လၽွို႔ဝွက္စကားလုံးမ်ားကဲ့သို႔ ကိုယ္ေရးကိုယ္တာအခ်က္အလက္အပါအဝင္  ခရက္ဒစ္ကဒ္နံပါတ္မ်ားအား  စုေဆာင္းနိုင္ပါသည္။ <subnode>%s</subnode> အင္ဂ်င္မွလာျခင္းျဖစ္သည္။  ဤစကားေျပာေပါင္းစပ္မွုအင္ဂ်င္အား အသုံးျပဳမည္
	သည္အိုင္ပီနံပါတ္  ကိုဖ်က္ပစ္ခံရလိမ့္မည္	သည်အိုင်ပီနံပါတ်  ကိုဖျက်ပစ်ခံရလိမ့်မည်	သည္အိုင္ပီနံပါတ္  ကိုဖ်က္ပစ္ခံရလိမ့္မည္
	သင့္ဖုန္းကို အသက္သြင္းရန္ ထူးျခားေသာ ေခၚဆိုျခင္းကို ျပဳလုပ္ရန္လိုအပ္ပါသည္  \n\nအသက္သြင္းျခင္းကို ႏွိပ္ၿပီးေသာအခါ သင္ဖုန္းကို အသက္သြင္းရန္ ေျပာေသာ ညႊန္ၾကားခ်က္မ်ားကို နားေထာင္ပါ	သင့်ဖုန်းကို အသက်သွင်းရန် ထူးခြားသော ခေါ်ဆိုခြင်းကို ပြုလုပ်ရန်လိုအပ်ပါသည်  \n\nအသက်သွင်းခြင်းကို နှိပ်ပြီးသောအခါ သင်ဖုန်းကို အသက်သွင်းရန် ပြောသော ညွှန်ကြားချက်များကို နားထောင်ပါ	သင့္ဖုန္းကို အသက္သြင္းရန္ ထူးျခားေသာ ေခၚဆိုျခင္းကို ျပဳလုပ္ရန္လိုအပ္ပါသည္  \n\nအသက္သြင္းျခင္းကို ႏွိပ္ၿပီးေသာအခါ သင္ဖုန္းကို အသက္သြင္းရန္ ေျပာေသာ ညႊန္ၾကားခ်က္မ်ားကို နားေထာင္ပါ
	သည္အိုင္ပီနံပါတ္  ကိုဖ်က္ပစ္ခံရလိမ့္မည္	သည်အိုင်ပီနံပါတ်  ကိုဖျက်ပစ်ခံရလိမ့်မည်	သည္အိုင္ပီနံပါတ္  ကိုဖ်က္ပစ္ခံရလိမ့္မည္
	1.ေက်းဇူးျပဳ၍သင့္လက္ရွိကြန္ယက္က ကာရီယာအဂရီေဂးရွင္း ကိုေထာက္ပံ့သည္မွာ ေသခ်ာပါေစ။ 2.သင့္လက္ရွိကြန္ယက္က ထိုလုပ္ေဆာင္ခ်က္ကို မေထာက္ပံ့လွ်င္ သင့္မိုဘိုင္းေဒတာဆားဗစ္ကို အက်ိဳးသက္ေရာက္ႏိုင္သည္။ 3.ကြန္ယက္မတည္ၿငိမ္ပါက ထိုလုပ္ေဆာင္ခ်က္ကို ပိတ္ထားပါ။.	1.ကျေးဇူးပြု၍သင့်လက်ရှိကွန်ယက်က ကာရီယာအဂရီဂေးရှင်း ကိုထောက်ပံ့သည်မှာ သေချာပါစေ။ 2.သင့်လက်ရှိကွန်ယက်က ထိုလုပ်ဆောင်ချက်ကို မထောက်ပံ့လျှင် သင့်မိုဘိုင်းဒေတာဆားဗစ်ကို အကျိုးသက်ရောက်နိုင်သည်။ 3.ကွန်ယက်မတည်ငြိမ်ပါက ထိုလုပ်ဆောင်ချက်ကို ပိတ်ထားပါ။.	1.ေက်းဇူးျပဳ၍သင့္လက္ရွိကြန္ယက္က ကာရီယာအဂရီေဂးရွင္း ကိုေထာက္ပံ့သည္မွာ ေသခ်ာပါေစ။ 2.သင့္လက္ရွိကြန္ယက္က ထိုလုပ္ေဆာင္ခ်က္ကို မေထာက္ပံ့လၽွင္ သင့္မိုဘိုင္းေဒတာဆားဗစ္ကို အက်ိဳးသက္ေရာက္နိုင္သည္။ 3.ကြန္ယက္မတည္ၿငိမ္ပါက ထိုလုပ္ေဆာင္ခ်က္ကို ပိတ္ထားပါ။.
	သင့္ဖုန္းကို အသက္သြင္းရန္ ထူးျခားေသာ ေခၚဆိုျခင္းကို ျပဳလုပ္ရန္လိုအပ္ပါသည္  \n\nအသက္သြင္းျခင္းကို ႏွိပ္ၿပီးေသာအခါ သင္ဖုန္းကို အသက္သြင္းရန္ ေျပာေသာ ညႊန္ၾကားခ်က္မ်ားကို နားေထာင္ပါ	သင့်ဖုန်းကို အသက်သွင်းရန် ထူးခြားသော ခေါ်ဆိုခြင်းကို ပြုလုပ်ရန်လိုအပ်ပါသည်  \n\nအသက်သွင်းခြင်းကို နှိပ်ပြီးသောအခါ သင်ဖုန်းကို အသက်သွင်းရန် ပြောသော ညွှန်ကြားချက်များကို နားထောင်ပါ	သင့္ဖုန္းကို အသက္သြင္းရန္ ထူးျခားေသာ ေခၚဆိုျခင္းကို ျပဳလုပ္ရန္လိုအပ္ပါသည္  \n\nအသက္သြင္းျခင္းကို ႏွိပ္ၿပီးေသာအခါ သင္ဖုန္းကို အသက္သြင္းရန္ ေျပာေသာ ညႊန္ၾကားခ်က္မ်ားကို နားေထာင္ပါ
	FACTORY_TEST လုုပ္ေဆာင္မႈအား /system/app တြင္ ထည့္သြင္းထားသည့္  ပက္ေက့ခ်္မ်ားအတြက္သာ ေထာက္ပံ့သည္။	FACTORY_TEST လုုပ်ဆောင်မှုအား /system/app တွင် ထည့်သွင်းထားသည့်  ပက်ကေ့ချ်များအတွက်သာ ထောက်ပံ့သည်။	FACTORY_TEST လုုပ္ေဆာင္မွုအား /system/app တြင္ ထည့္သြင္းထားသည့္  ပက္ေက့ခ်္မ်ားအတြက္သာ ေထာက္ပံ့သည္။
	သင္ ဖုုန္းအား ေသာ့ဖြင့္ရန္ ၾကိမ္ မမွန္မကန္ ၾကိဳးစားခဲ့ပါသည္။ <subnode ref="ml" index="1">%1$d</subnode> မေအာင္ျမင္သည့္ ၾကိဳးစာမႈ  ၾကိမ္ အျပီးတြင္ ဖုုန္းက ၄င္း၏စက္ရံုုထုုတ္ပံုုစံတြင္ ျပန္လည္ပံုုစံခ်ထားမည္ျဖစ္ျပီး သံုုးစြဲသူ အခ်က္အလက္အားလံုုး ေပ်ာက္သြားမည္ျဖစ္သည္။<subnode ref="ml" index="2">%2$d</subnode>	သင် ဖုုန်းအား သော့ဖွင့်ရန် ကြိမ် မမှန်မကန် ကြိုးစားခဲ့ပါသည်။ <subnode ref="ml" index="1">%1$d</subnode> မအောင်မြင်သည့် ကြိုးစာမှု  ကြိမ် အပြီးတွင် ဖုုန်းက ၄င်း၏စက်ရုုံထုုတ်ပုုံစံတွင် ပြန်လည်ပုုံစံချထားမည်ဖြစ်ပြီး သုုံးစွဲသူ အချက်အလက်အားလုုံး ပျောက်သွားမည်ဖြစ်သည်။<subnode ref="ml" index="2">%2$d</subnode>	သင္ ဖုုန္းအား ေသာ့ဖြင့္ရန္ ႀကိမ္ မမွန္မကန္ ႀကိဳးစားခဲ့ပါသည္။ <subnode ref="ml" index="1">%1$d</subnode> မေအာင္ျမင္သည့္ ႀကိဳးစာမွု  ႀကိမ္ အၿပီးတြင္ ဖုုန္းက ၄င္း၏စက္႐ုုံထုုတ္ပုုံစံတြင္ ျပန္လည္ပုုံစံခ်ထားမည္ျဖစ္ၿပီး သုုံးစြဲသူ အခ်က္အလက္အားလုုံး ေပ်ာက္သြားမည္ျဖစ္သည္။<subnode ref="ml" index="2">%2$d</subnode>
	သင္၏ေသာ့ဖြင့္သည္ပံုုစံအား သင္ မမွန္မကန္ <subnode ref="ml" index="1">%1$d</subnode> ၾကိမ္ ဆြဲခဲ့သည္။ <subnode ref="ml" index="2">%2$d</subnode> မေအာင္ျမင်သည့္ၾကိဳးစားမႈ  ၾကိမ္ပိုုျပီးေနာက္ သင့္အေနျဖင့္ တက္ဘလက္အား Google စာရင္းကိုု \n\n အသံုုးျပဳျပီးဖြင့္ရန္ ေမးျမန္းခံရပါလိမ့္မည္။ <subnode ref="ml" index="3">%3$d</subnode> စကၠန္႕အၾကာတြင္ ထပ္မံၾကိဳးစားၾကည့္ပါ။ ေသာ့ဖြင့္ရန္	သင်၏သော့ဖွင့်သည်ပုုံစံအား သင် မမှန်မကန် <subnode ref="ml" index="1">%1$d</subnode> ကြိမ် ဆွဲခဲ့သည်။ <subnode ref="ml" index="2">%2$d</subnode> မအောင်မြငျသည့်ကြိုးစားမှု  ကြိမ်ပိုုပြီးနောက် သင့်အနေဖြင့် တက်ဘလက်အား Google စာရင်းကိုု \n\n အသုုံးပြုပြီးဖွင့်ရန် မေးမြန်းခံရပါလိမ့်မည်။ <subnode ref="ml" index="3">%3$d</subnode> စက္ကန့်အကြာတွင် ထပ်မံကြိုးစားကြည့်ပါ။ သော့ဖွင့်ရန်	သင္၏ေသာ့ဖြင့္သည္ပုုံစံအား သင္ မမွန္မကန္ <subnode ref="ml" index="1">%1$d</subnode> ႀကိမ္ ဆြဲခဲ့သည္။ <subnode ref="ml" index="2">%2$d</subnode> မေအာင္ျမင်သည့္ႀကိဳးစားမွု  ႀကိမ္ပိုုၿပီးေနာက္ သင့္အေနျဖင့္ တက္ဘလက္အား Google စာရင္းကိုု \n\n အသုုံးျပဳၿပီးဖြင့္ရန္ ေမးျမန္းခံရပါလိမ့္မည္။ <subnode ref="ml" index="3">%3$d</subnode> စကၠန႔္အၾကာတြင္ ထပ္မံႀကိဳးစားၾကည့္ပါ။ ေသာ့ဖြင့္ရန္
	သင္ ဖုုန္းအား ေသာ့ဖြင့္ရန္ <subnode ref="ml" index="1">%d</subnode> ၾကိမ္ မမွန္မကန္ ၾကိဳးစားခဲ့ပါသည္။ ဖုုန္းအား ယခုုအခါတြင္ စက္ရံုုထုုတ္ ပံုုစံအျဖစ္ ျပန္လည္ ပံုုစံခ်ထားပါမည္။	သင် ဖုုန်းအား သော့ဖွင့်ရန် <subnode ref="ml" index="1">%d</subnode> ကြိမ် မမှန်မကန် ကြိုးစားခဲ့ပါသည်။ ဖုုန်းအား ယခုုအခါတွင် စက်ရုုံထုုတ် ပုုံစံအဖြစ် ပြန်လည် ပုုံစံချထားပါမည်။	သင္ ဖုုန္းအား ေသာ့ဖြင့္ရန္ <subnode ref="ml" index="1">%d</subnode> ႀကိမ္ မမွန္မကန္ ႀကိဳးစားခဲ့ပါသည္။ ဖုုန္းအား ယခုုအခါတြင္ စက္႐ုုံထုုတ္ ပုုံစံအျဖစ္ ျပန္လည္ ပုုံစံခ်ထားပါမည္။
	၊  <subnode ref="ml" index="1">%1$d</subnode> အား သင် (၂) ၾကိမ် အမွား ရိုက်ထည့်ခဲ့သည်။  \n\n၊ ကေၽးဇူးပြဳပြီး <subnode ref="ml" index="2">%2$d</subnode> အား (၁) စကၠန်႕အတွင်း ရိုက်ထည့်ပါ။	၊  <subnode ref="ml" index="1">%1$d</subnode> အား သငျ (၂) ကြိမျ အမှား ရိုကျထညျ့ခဲ့သညျ။  \n\n၊ ကေျးဇူးပွုပွီး <subnode ref="ml" index="2">%2$d</subnode> အား (၁) စက္ကနျ့အတှငျး ရိုကျထညျ့ပါ။	၊  <subnode ref="ml" index="1">%1$d</subnode> အား သင် (၂) ႀကိမ် အမွား ရိုက်ထည်႕ခဲ့သည်။  \n\n၊ ေက်းဇူးပြဳပြီး <subnode ref="ml" index="2">%2$d</subnode> အား (၁) စကၠန်႕အတွင်း ရိုက်ထည်႕ပါ။
	ဖုုန္း၏ စက္မာအား အလံုုးစံုုလက္လွမ္းမွီမႈခြင့္ျပဳျပီး ထုုတ္လုုပ္သူစစ္ေဆးခ်က္အဆင့္နိမ့္နိမ့္ အျဖစ္ လည္ပတ္ပါ။ ဖုုန္းတစ္လံုုးက ထုုန္လုုပ္သူစစ္ေဆးခ်က္မုုဒ္တြင္ လည္ပတ္ေနေသာအခါမွသာ ရရွိႏိုုင္ပါသည္။	ဖုုန်း၏ စက်မာအား အလုုံးစုုံလက်လှမ်းမှီမှုခွင့်ပြုပြီး ထုုတ်လုုပ်သူစစ်ဆေးချက်အဆင့်နိမ့်နိမ့် အဖြစ် လည်ပတ်ပါ။ ဖုုန်းတစ်လုုံးက ထုုန်လုုပ်သူစစ်ဆေးချက်မုုဒ်တွင် လည်ပတ်နေသောအခါမှသာ ရရှိနိုုင်ပါသည်။	ဖုုန္း၏ စက္မာအား အလုုံးစုုံလက္လွမ္းမွီမွုခြင့္ျပဳၿပီး ထုုတ္လုုပ္သူစစ္ေဆးခ်က္အဆင့္နိမ့္နိမ့္ အျဖစ္ လည္ပတ္ပါ။ ဖုုန္းတစ္လုုံးက ထုုန္လုုပ္သူစစ္ေဆးခ်က္မုုဒ္တြင္ လည္ပတ္ေနေသာအခါမွသာ ရရွိနိုုင္ပါသည္။
	အျခား  အပလီေကးရွင္းမ်ား၏ ထိပ္တြင္ သို႔မဟုတ္ သံုးသူ ၾကားခံေပါင္းကူးစနစ္၏ အစိတ္အပိုင္းမ်ားတြင္ ပုံဆြဲရန္ အပလီေကးရွင္းအား ခြင့္ျပဳပါ။  ၎တုိ႔သည္ သင့္ႏွင့္အတူ  အပလီေကးရွင္းတုိင္း၏ ၾကားခံေပါင္းကူးစနစ္အား အသံုးျပဳမႈကို ေႏွာင့္ယွက္ႏုိင္သည္၊ သို႔မဟုတ္ အျခား အပလီေကးရွင္းမ်ားတြင္ သင္ျမင္ေတြ႕ေနရသည္ဟု  ထင္ေနေသာ အရာမ်ားကို ေျပာင္းလဲပစ္ႏိုင္သည္။	အခြား  အပလီကေးရှင်းများ၏ ထိပ်တွင် သို့မဟုတ် သုံးသူ ကြားခံပေါင်းကူးစနစ်၏ အစိတ်အပိုင်းများတွင် ပုံဆွဲရန် အပလီကေးရှင်းအား ခွင့်ပြုပါ။  ၎င်းတို့သည် သင့်နှင့်အတူ  အပလီကေးရှင်းတိုင်း၏ ကြားခံပေါင်းကူးစနစ်အား အသုံးပြုမှုကို နှောင့်ယှက်နိုင်သည်၊ သို့မဟုတ် အခြား အပလီကေးရှင်းများတွင် သင်မြင်တွေ့နေရသည်ဟု  ထင်နေသော အရာများကို ပြောင်းလဲပစ်နိုင်သည်။	အျခား  အပလီေကးရွင္းမ်ား၏ ထိပ္တြင္ သို႔မဟုတ္ သုံးသူ ၾကားခံေပါင္းကူးစနစ္၏ အစိတ္အပိုင္းမ်ားတြင္ ပုံဆြဲရန္ အပလီေကးရွင္းအား ခြင့္ျပဳပါ။  ၎တို႔သည္ သင့္ႏွင့္အတူ  အပလီေကးရွင္းတိုင္း၏ ၾကားခံေပါင္းကူးစနစ္အား အသုံးျပဳမွုကို ေႏွာင့္ယွက္နိုင္သည္၊ သို႔မဟုတ္ အျခား အပလီေကးရွင္းမ်ားတြင္ သင္ျမင္ေတြ႕ေနရသည္ဟု  ထင္ေနေသာ အရာမ်ားကို ေျပာင္းလဲပစ္နိုင္သည္။
	တိက်ေသာတည္ေနရာ (GPS ႏွင့္  ကြန္ရက္ကို-အေျခခံေသာ)	တိကျသောတည်နေရာ (GPS နှင့်  ကွန်ရက်ကို-အခြေခံသော)	တိက်ေသာတည္ေနရာ (GPS ႏွင့္  ကြန္ရက္ကို-အေျခခံေသာ)
	စက္ပစၥည္း၏ ဂလိုုဘယ္ ပေရာ့စီကိုု ေပၚလစီအား  အသက္သြင္းထားခ်ိန္တြင္ အသံုုးျပဳရန္ သတ္မွတ္ပါ။ ပထမ စက္ပစၥည္းအုုပ္ခ်ဳပ္မႈ သတ္မွတ္ခ်က္မ်ားကသာ အက်ိဳးရွိသည့္ ဂလိုုဘယ္ ပေရာ့စီအား သတ္မွတ္သည္။	စက်ပစ္စည်း၏ ဂလိုုဘယ် ပရော့စီကိုု ပေါ်လစီအား  အသက်သွင်းထားချိန်တွင် အသုုံးပြုရန် သတ်မှတ်ပါ။ ပထမ စက်ပစ္စည်းအုုပ်ချုပ်မှု သတ်မှတ်ချက်များကသာ အကျိုးရှိသည့် ဂလိုုဘယ် ပရော့စီအား သတ်မှတ်သည်။	စက္ပစၥည္း၏ ဂလိုုဘယ္ ပေရာ့စီကိုု ေပၚလစီအား  အသက္သြင္းထားခ်ိန္တြင္ အသုုံးျပဳရန္ သတ္မွတ္ပါ။ ပထမ စက္ပစၥည္းအုုပ္ခ်ဳပ္မွု သတ္မွတ္ခ်က္မ်ားကသာ အက်ိဳးရွိသည့္ ဂလိုုဘယ္ ပေရာ့စီအား သတ္မွတ္သည္။
	<subnode ref="ml" index="1">%1$s</subnode> app ( <subnode ref="ml" index="2">%2$s</subnode> စီစဥ္လုုပ္ေဆာင္မႈ) က ၄င္း၏ ကိုုယ္တိုုင္အားေပးသည့္StrictMode ေပၚလစီအား ခ်ိဳးေဖာက္ခဲ့သည္။	<subnode ref="ml" index="1">%1$s</subnode> app ( <subnode ref="ml" index="2">%2$s</subnode> စီစဉ်လုုပ်ဆောင်မှု) က ၄င်း၏ ကိုုယ်တိုုင်အားပေးသည့်StrictMode ပေါ်လစီအား ချိုးဖောက်ခဲ့သည်။	<subnode ref="ml" index="1">%1$s</subnode> app ( <subnode ref="ml" index="2">%2$s</subnode> စီစဥ္လုုပ္ေဆာင္မွု) က ၄င္း၏ ကိုုယ္တိုုင္အားေပးသည့္StrictMode ေပၚလစီအား ခ်ိဳးေဖာက္ခဲ့သည္။
	<subnode ref="ml" index="1">%2$d</subnode> ၏  <subnode ref="ml" index="2">%1$d</subnode> အား အေကာင္းဆံုုးျဖစ္ေအာင္ ျပဳလုုပ္ေပးေနသည္။	<subnode ref="ml" index="1">%2$d</subnode> ၏  <subnode ref="ml" index="2">%1$d</subnode> အား အကောင်းဆုုံးဖြစ်အောင် ပြုလုုပ်ပေးနေသည်။	<subnode ref="ml" index="1">%2$d</subnode> ၏  <subnode ref="ml" index="2">%1$d</subnode> အား အေကာင္းဆုုံးျဖစ္ေအာင္ ျပဳလုုပ္ေပးေနသည္။
	FACTORY_TEST လုုပ္ေဆာင္မႈအား /system/app တြင္ ထည့္သြင္းထားသည့္  ပက္ေက့ခ်္မ်ားအတြက္သာ ေထာက္ပံ့သည္။	FACTORY_TEST လုုပ်ဆောင်မှုအား /system/app တွင် ထည့်သွင်းထားသည့်  ပက်ကေ့ချ်များအတွက်သာ ထောက်ပံ့သည်။	FACTORY_TEST လုုပ္ေဆာင္မွုအား /system/app တြင္ ထည့္သြင္းထားသည့္  ပက္ေက့ခ်္မ်ားအတြက္သာ ေထာက္ပံ့သည္။
	သင္ ဖုုန္းအား ေသာ့ဖြင့္ရန္ ၾကိမ္ မမွန္မကန္ ၾကိဳးစားခဲ့ပါသည္။ <subnode ref="ml" index="1">%1$d</subnode> မေအာင္ျမင္သည့္ ၾကိဳးစာမႈ  ၾကိမ္ အျပီးတြင္ ဖုုန္းက ၄င္း၏စက္ရံုုထုုတ္ပံုုစံတြင္ ျပန္လည္ပံုုစံခ်ထားမည္ျဖစ္ျပီး သံုုးစြဲသူ အခ်က္အလက္အားလံုုး ေပ်ာက္သြားမည္ျဖစ္သည္။<subnode ref="ml" index="2">%2$d</subnode>	သင် ဖုုန်းအား သော့ဖွင့်ရန် ကြိမ် မမှန်မကန် ကြိုးစားခဲ့ပါသည်။ <subnode ref="ml" index="1">%1$d</subnode> မအောင်မြင်သည့် ကြိုးစာမှု  ကြိမ် အပြီးတွင် ဖုုန်းက ၄င်း၏စက်ရုုံထုုတ်ပုုံစံတွင် ပြန်လည်ပုုံစံချထားမည်ဖြစ်ပြီး သုုံးစွဲသူ အချက်အလက်အားလုုံး ပျောက်သွားမည်ဖြစ်သည်။<subnode ref="ml" index="2">%2$d</subnode>	သင္ ဖုုန္းအား ေသာ့ဖြင့္ရန္ ႀကိမ္ မမွန္မကန္ ႀကိဳးစားခဲ့ပါသည္။ <subnode ref="ml" index="1">%1$d</subnode> မေအာင္ျမင္သည့္ ႀကိဳးစာမွု  ႀကိမ္ အၿပီးတြင္ ဖုုန္းက ၄င္း၏စက္႐ုုံထုုတ္ပုုံစံတြင္ ျပန္လည္ပုုံစံခ်ထားမည္ျဖစ္ၿပီး သုုံးစြဲသူ အခ်က္အလက္အားလုုံး ေပ်ာက္သြားမည္ျဖစ္သည္။<subnode ref="ml" index="2">%2$d</subnode>
	သင္၏ေသာ့ဖြင့္သည္ပံုုစံအား သင္ မမွန္မကန္ <subnode ref="ml" index="1">%1$d</subnode> ၾကိမ္ ဆြဲခဲ့သည္။ <subnode ref="ml" index="2">%2$d</subnode> မေအာင္ျမင်သည့္ၾကိဳးစားမႈ  ၾကိမ္ပိုုျပီးေနာက္ သင့္အေနျဖင့္ တက္ဘလက္အား Google စာရင္းကိုု \n\n အသံုုးျပဳျပီးဖြင့္ရန္ ေမးျမန္းခံရပါလိမ့္မည္။ <subnode ref="ml" index="3">%3$d</subnode> စကၠန္႕အၾကာတြင္ ထပ္မံၾကိဳးစားၾကည့္ပါ။ ေသာ့ဖြင့္ရန္	သင်၏သော့ဖွင့်သည်ပုုံစံအား သင် မမှန်မကန် <subnode ref="ml" index="1">%1$d</subnode> ကြိမ် ဆွဲခဲ့သည်။ <subnode ref="ml" index="2">%2$d</subnode> မအောင်မြငျသည့်ကြိုးစားမှု  ကြိမ်ပိုုပြီးနောက် သင့်အနေဖြင့် တက်ဘလက်အား Google စာရင်းကိုု \n\n အသုုံးပြုပြီးဖွင့်ရန် မေးမြန်းခံရပါလိမ့်မည်။ <subnode ref="ml" index="3">%3$d</subnode> စက္ကန့်အကြာတွင် ထပ်မံကြိုးစားကြည့်ပါ။ သော့ဖွင့်ရန်	သင္၏ေသာ့ဖြင့္သည္ပုုံစံအား သင္ မမွန္မကန္ <subnode ref="ml" index="1">%1$d</subnode> ႀကိမ္ ဆြဲခဲ့သည္။ <subnode ref="ml" index="2">%2$d</subnode> မေအာင္ျမင်သည့္ႀကိဳးစားမွု  ႀကိမ္ပိုုၿပီးေနာက္ သင့္အေနျဖင့္ တက္ဘလက္အား Google စာရင္းကိုု \n\n အသုုံးျပဳၿပီးဖြင့္ရန္ ေမးျမန္းခံရပါလိမ့္မည္။ <subnode ref="ml" index="3">%3$d</subnode> စကၠန႔္အၾကာတြင္ ထပ္မံႀကိဳးစားၾကည့္ပါ။ ေသာ့ဖြင့္ရန္
	ဖုုန္း၏ စက္မာအား အလံုုးစံုုလက္လွမ္းမွီမႈခြင့္ျပဳျပီး ထုုတ္လုုပ္သူစစ္ေဆးခ်က္အဆင့္နိမ့္နိမ့္ အျဖစ္ လည္ပတ္ပါ။ ဖုုန္းတစ္လံုုးက ထုုန္လုုပ္သူစစ္ေဆးခ်က္မုုဒ္တြင္ လည္ပတ္ေနေသာအခါမွသာ ရရွိႏိုုင္ပါသည္။	ဖုုန်း၏ စက်မာအား အလုုံးစုုံလက်လှမ်းမှီမှုခွင့်ပြုပြီး ထုုတ်လုုပ်သူစစ်ဆေးချက်အဆင့်နိမ့်နိမ့် အဖြစ် လည်ပတ်ပါ။ ဖုုန်းတစ်လုုံးက ထုုန်လုုပ်သူစစ်ဆေးချက်မုုဒ်တွင် လည်ပတ်နေသောအခါမှသာ ရရှိနိုုင်ပါသည်။	ဖုုန္း၏ စက္မာအား အလုုံးစုုံလက္လွမ္းမွီမွုခြင့္ျပဳၿပီး ထုုတ္လုုပ္သူစစ္ေဆးခ်က္အဆင့္နိမ့္နိမ့္ အျဖစ္ လည္ပတ္ပါ။ ဖုုန္းတစ္လုုံးက ထုုန္လုုပ္သူစစ္ေဆးခ်က္မုုဒ္တြင္ လည္ပတ္ေနေသာအခါမွသာ ရရွိနိုုင္ပါသည္။
	စက္ပစၥည္း၏ ဂလိုုဘယ္ ပေရာ့စီကိုု ေပၚလစီအား  အသက္သြင္းထားခ်ိန္တြင္ အသံုုးျပဳရန္ သတ္မွတ္ပါ။ ပထမ စက္ပစၥည္းအုုပ္ခ်ဳပ္မႈ သတ္မွတ္ခ်က္မ်ားကသာ အက်ိဳးရွိသည့္ ဂလိုုဘယ္ ပေရာ့စီအား သတ္မွတ္သည္။	စက်ပစ္စည်း၏ ဂလိုုဘယ် ပရော့စီကိုု ပေါ်လစီအား  အသက်သွင်းထားချိန်တွင် အသုုံးပြုရန် သတ်မှတ်ပါ။ ပထမ စက်ပစ္စည်းအုုပ်ချုပ်မှု သတ်မှတ်ချက်များကသာ အကျိုးရှိသည့် ဂလိုုဘယ် ပရော့စီအား သတ်မှတ်သည်။	စက္ပစၥည္း၏ ဂလိုုဘယ္ ပေရာ့စီကိုု ေပၚလစီအား  အသက္သြင္းထားခ်ိန္တြင္ အသုုံးျပဳရန္ သတ္မွတ္ပါ။ ပထမ စက္ပစၥည္းအုုပ္ခ်ဳပ္မွု သတ္မွတ္ခ်က္မ်ားကသာ အက်ိဳးရွိသည့္ ဂလိုုဘယ္ ပေရာ့စီအား သတ္မွတ္သည္။
	ေသာ့ဖြင့္ျခင္း၊ အပလီေကးရွင္းမ်ားကို ဖြင့္ရန္ ေသာ့ဖြင့္အိုက္ကြန္ကို ႏွစ္ႀကိမ္တို႔ထိၿပီး အနီးရွိွ အိုက္ကြန္ေလးခုမွ တစ္ခုသို႔ ပြတ္ဆြဲပါ။         အေပၚမွ အိုက္ကြန္သည္ %2$s ျဖစ္သည္၊ ေအာက္မွ အိုက္ကြန္သည္ %4$s ျဖစ္သည္၊ ဘယ္ဘက္မွ အိုက္ကြန္သည္ %1$s ျဖစ္သည္၊ ညာဘက္မွ အိုက္ကြန္သည္ %3$s ျဖစ္သည္။	သော့ဖွင့်ခြင်း၊ အပလီကေးရှင်းများကို ဖွင့်ရန် သော့ဖွင့်အိုက်ကွန်ကို နှစ်ကြိမ်တို့ထိပြီး အနီးရှိှ အိုက်ကွန်လေးခုမှ တစ်ခုသို့ ပွတ်ဆွဲပါ။         အပေါ်မှ အိုက်ကွန်သည် %2$s ဖြစ်သည်၊ အောက်မှ အိုက်ကွန်သည် %4$s ဖြစ်သည်၊ ဘယ်ဘက်မှ အိုက်ကွန်သည် %1$s ဖြစ်သည်၊ ညာဘက်မှ အိုက်ကွန်သည် %3$s ဖြစ်သည်။	ေသာ့ဖြင့္ျခင္း၊ အပလီေကးရွင္းမ်ားကို ဖြင့္ရန္ ေသာ့ဖြင့္အိုက္ကြန္ကို ႏွစ္ႀကိမ္တို႔ထိၿပီး အနီးရွိွ အိုက္ကြန္ေလးခုမွ တစ္ခုသို႔ ပြတ္ဆြဲပါ။         အေပၚမွ အိုက္ကြန္သည္ %2$s ျဖစ္သည္၊ ေအာက္မွ အိုက္ကြန္သည္ %4$s ျဖစ္သည္၊ ဘယ္ဘက္မွ အိုက္ကြန္သည္ %1$s ျဖစ္သည္၊ ညာဘက္မွ အိုက္ကြန္သည္ %3$s ျဖစ္သည္။
	<subnode>%s</subnode>  ဗီပီအန္ ဆက္သြယ္မႈကို ဖန္တီရန္ ၾကိဳးပမ္းမႈ	<subnode>%s</subnode>  ဗီပီအန် ဆက်သွယ်မှုကို ဖန်တီရန် ကြိုးပမ်းမှု	<subnode>%s</subnode>  ဗီပီအန္ ဆက္သြယ္မွုကို ဖန္တီရန္ ႀကိဳးပမ္းမွု
	ဆက္လုပ္ျခင္းအားျဖင့္ သင္သည္ အက္ပလီေကးရွင္ကို  နက္ေဝါ့ခ္လမ္းပိတ္ျခင္းကို ပက္သက္ရန္ ခြင့္ျပဳခ်က္ေပးေနပါသည္  <subnode>အက္ပလီေကးရွင္းကို မယုံၾကည္လ်င္ လက္မခံပါႏွင့္</subnode> သို႔မဟုတ္ပါက  သင့္တြင္ေဒတာအခ်က္လက္ကို အဖ်က္ ေဆာ့ဝဲလ္မွ ၾကည့္ခြင့္ရျခင္း စြန္႔စားရမႈ ကိုသင္ရင္ဆိုင္ရပါလိမ့္မည္	ဆက်လုပ်ခြင်းအားဖြင့် သင်သည် အက်ပလီကေးရှင်ကို  နက်ဝေါ့ခ်လမ်းပိတ်ခြင်းကို ပက်သက်ရန် ခွင့်ပြုချက်ပေးနေပါသည်  <subnode>အက်ပလီကေးရှင်းကို မယုံကြည်လျင် လက်မခံပါနှင့်</subnode> သို့မဟုတ်ပါက  သင့်တွင်ဒေတာအချက်လက်ကို အဖျက် ဆော့ဝဲလ်မှ ကြည့်ခွင့်ရခြင်း စွန့်စားရမှု ကိုသင်ရင်ဆိုင်ရပါလိမ့်မည်	ဆက္လုပ္ျခင္းအားျဖင့္ သင္သည္ အက္ပလီေကးရွင္ကို  နက္ေဝါ့ခ္လမ္းပိတ္ျခင္းကို ပက္သက္ရန္ ခြင့္ျပဳခ်က္ေပးေနပါသည္  <subnode>အက္ပလီေကးရွင္းကို မယုံၾကည္လ်င္ လက္မခံပါႏွင့္</subnode> သို႔မဟုတ္ပါက  သင့္တြင္ေဒတာအခ်က္လက္ကို အဖ်က္ ေဆာ့ဝဲလ္မွ ၾကည့္ခြင့္ရျခင္း စြန႔္စားရမွု ကိုသင္ရင္ဆိုင္ရပါလိမ့္မည္
	သင္သည္ သင္၏ စကားဝွက္ကို   <subnode ref="ml" index="1">%1$d</subnode> ႀကိမ္ မွားယြင္းစြာ ထည့္သြင္းခဲ့သည္။ \n\nေက်းဇူးျပဳ၍   <subnode ref="ml" index="2">%2$d</subnode> စကၠန္႔အၾကာတြင္ ထပ္မံႀကိဳးစားပါ။	သင်သည် သင်၏ စကားဝှက်ကို   <subnode ref="ml" index="1">%1$d</subnode> ကြိမ် မှားယွင်းစွာ ထည့်သွင်းခဲ့သည်။ \n\nကျေးဇူးပြု၍   <subnode ref="ml" index="2">%2$d</subnode> စက္ကန့်အကြာတွင် ထပ်မံကြိုးစားပါ။	သင္သည္ သင္၏ စကားဝွက္ကို   <subnode ref="ml" index="1">%1$d</subnode> ႀကိမ္ မွားယြင္းစြာ ထည့္သြင္းခဲ့သည္။ \n\nေက်းဇူးျပဳ၍   <subnode ref="ml" index="2">%2$d</subnode> စကၠန႔္အၾကာတြင္ ထပ္မံႀကိဳးစားပါ။